PID,Gender(0male/1female),Age(Y),Weight(kg),Height(cm),AlcoholHistory(0no/1yes),SmokingHistory(0no/1yes),BetelNutHistory(0no/1yes),SurgicalMethod,ASAGrade,NNISGrade,SurgicalMargin(0/1),Surgery Site,6-Class Flap,NeckDissection,Tracheotomy(0no/1yes),Diabetes(0no/1yes),RespiratoryDisease(0no/1yes),CardiovascularDisease(0no/1yes),MedControlledHypertension(0no/1yes),HPV(0/1),Radiotherapy(0no/1yes),Chemotherapy(0no/1yes),[annotation] recurrence time,[annotation] last followup time
72,1,58,62,155,0,0,0,Radical Resection of Left Buccal Cancer + Transfer of Medial Calf Flap for Reconstruction + Neck Dissection + Tracheostomy,3,2,0,Buccal Mucosa,Leg,1,1,0,0,0,0,0,0,0,Not recurred,1076
252,0,57,70,/,0,0,0,Left Buccal Cancer Radical Surgery + Left Neck Dissection + Left Forearm Flap Reconstruction + Tracheostomy,2,1,0,Buccal Mucosa,Arm,1,1,0,0,0,0,/,0,0,Not recurred,1547
265,0,56,55,162,0,0,0,Radical Right Tongue Cancer Surgery + Transfer of a Pedicled Flap from the Left Calf Medial Side for Reconstruction + Tracheostomy,2,1,0,Tongue,Leg,1,1,0,0,0,0,0,0,0,158,158
1198,0,35,94,178,0,1,0,Left cheek cancer and leukoplakia of the buccal gingiva extended resection + left neck dissection + left forearm flap repair,2,0,0,Gingiva & Jaw,Arm,1,1,0,0,0,0,/,0,0,Not recurred,1204
1598,1,65,47,153,0,0,0,Radical Resection of Malignant Tumor on the Right Tongue + Neck Dissection + Transfer of a Graft from the Inner Side of the Calf + Tracheostomy,2,1,0,Tongue,Leg,1,1,0,0,0,0,0,0,0,Not recurred,1258
1932,0,62,77,173,0,0,0,Radical Resection of Left Tongue Cancer + Fibular Free Flap Transfer Repair + Anterolateral Thigh Flap Transfer Repair + Neck Dissection + Tracheostomy,3,2,1,Tongue,Fibula,2,1,0,0,0,1,0,0,0,1095,1095
2472,1,55,60,150,0,0,0,Complete Tongue Cancer Radical Resection + Neck Dissection + Left Lower Leg Medial Flap Transfer Repair Surgery + Tracheostomy + Abdominal Skin Graft,3,2,0,Tongue,Leg,1,1,0,0,0,0,0,0,0,Not recurred,1196
3389,1,58,55,161,0,0,0,Left Tongue Mass Extended Resection + Left Neck Dissection + Free Left Anterolateral Thigh Flap + Tracheostomy,3,2,0,Tongue,Thigh,1,1,0,0,0,0,0,/,/,Not recurred,1192
3557,1,66,52.5,157,0,0,0,Extended resection of malignant tumor on the right tongue + mandibular split + neck dissection + transfer of a flap from the medial side of the lower leg + skin graft from the abdomen + tracheostomy,2,1,0,Tongue,Leg,1,1,0,0,0,0,/,0,0,Not recurred,1351
3922,1,42,48.5,158,0,0,0,Extended left tongue cancer resection + left neck lymph node dissection + mandibular split + submental flap transfer repair + tracheostomy + absorbable plate and screw internal fixation,2,0,0,Tongue,Other,1,1,0,0,0,0,0,0,0,943,943
6735,1,61,47,150,0,0,0,Postoperative recurrence extended resection of left maxillary gingival cancer + orbital floor reconstruction + partial resection of left mandible + transfer of left lower leg medial flap for repair + bilateral neck lymph node dissection + tracheostomy,2,1,0,Gingiva & Jaw,Leg,2,1,0,0,0,0,0,0,0,6,6
7533,0,62,67,163,1,1,0,Extended Resection of Malignant Tumor in the Right Floor of Mouth + Partial Resection of Mandible + Right Neck Dissection + Tracheostomy + Free Fibula Myocutaneous Flap Transfer Repair,3,2,0,Gingiva & Jaw,Fibula,1,1,0,1,1,1,0,0,0,Not recurred,1176
8154,1,78,80,164,0,0,0,Extended Resection of Malignant Tumor in Right Parotid Gland + Superficial Lobectomy of Right Parotid Gland + Intraoperative Frozen Section + Facial Nerve Dissection + Graft Repair,3,1,0,Other,Other,0,0,1,0,0,1,/,0,0,93,93
8232,0,53,61,168,1,1,0,Extended Resection of Floor of Mouth + Neck Lymph Node Dissection + Fibula Flap Reconstruction + Tracheostomy,2,1,0,Floor of Mouth,Fibula,2,1,0,0,0,0,0,0,0,Not recurred,1826
8836,1,73,84,160,0,0,0,Radical Left Buccal Cancer Resection with Left Neck Dissection and Free Transfer of the Left Anterolateral Thigh Flap for Reconstruction,3,2,0,Buccal Mucosa,Thigh,1,0,1,0,0,0,0,/,/,Not recurred,1010
9329,0,64,65,164,1,1,0,Radical Resection of Gingival Cancer in the Right Lower Jaw + Transfer and Repair with Left Fibula Myocutaneous Flap + Tracheostomy,2,1,0,Gingiva & Jaw,Fibula,1,1,0,0,0,0,0,0,0,Not recurred,1585
10176,0,76,61,155,0,0,0,"Extended Left Tongue Cancer Resection with Neck Lymph Node Dissection, Anterolateral Thigh Flap Reconstruction, and Tracheostomy",3,2,0,Tongue,Thigh,1,1,0,0,0,0,0,0,0,Not recurred,1507
10448,1,63,46,150,0,0,0,Extended excision of malignant tumor on the left tongue + left neck dissection + midline split of the mandible + titanium plate and screw internal fixation + free anterior lateral thigh flap transfer repair + tracheostomy,3,2,0,Tongue,Thigh,1,1,0,0,0,0,0,/,/,Not recurred,1039
10601,0,28,90,175,0,1,0,Radical left tongue cancer resection + left neck dissection + mandibular split + anterolateral thigh flap reconstruction + titanium plate and screw internal fixation + vascular anastomosis + tracheostomy,2,1,0,Tongue,Thigh,1,1,0,0,0,0,/,0,0,339,339
13040,0,66,80,175,0,1,1,Extended Left Tongue Cancer Resection + Neck Lymph Node Dissection + Forearm Flap Transfer Repair + Tracheostomy,2,1,0,Tongue,Arm,1,1,0,0,1,1,0,/,/,Not recurred,1430
13845,0,55,75,166,1,0,0,"Extended Left Tongue Cancer Resection with Neck Lymph Node Dissection, Anterolateral Thigh Flap Reconstruction, and Preoperative Tracheostomy",0,1,0,Tongue,Thigh,1,1,0,0,0,0,0,0,1,Not recurred,1237
14723,1,67,50,158,0,0,0,The radical resection of right lower gingival cancer + neck dissection + tracheostomy + fibula fascia flap transfer repair + occlusal reconstruction + titanium scaffold implantation,2,0,0,Gingiva & Jaw,Fibula,1,1,0,1,1,0,0,0,0,Not recurred,1154
15444,0,60,85,167,0,1,0,"Right parotid mass excision with facial nerve dissection, intraoperative frozen section biopsy, left tonsil cancer radical resection, left neck dissection, right anterolateral thigh flap repair, tracheostomy",3,3,0,Oropharynx & Palate,Thigh,1,1,0,0,0,1,0,/,/,Not recurred,1120
16027,0,57,61.5,173,1,1,0,Radical Surgery for Tongue Base Cancer + Bilateral Neck Dissection + Anterolateral Thigh Flap Reconstruction,1,1,0,Tongue,Thigh,2,1,0,0,0,0,0,0,0,Not recurred,1892
16996,1,67,48,161,0,0,0,Extended radical resection of right tongue cancer + cervical lymph node dissection + midline split of mandible + internal fixation with titanium plates and screws + tracheostomy + transfer of right forearm flap for reconstruction + skin graft from abdomen for repair,3,2,0,Tongue,Arm,1,1,0,0,0,0,0,0,0,Not recurred,1549
19476,1,50,50,153,0,0,0,The right tongue malignant tumor radical resection + neck dissection + tracheostomy + left lower leg medial flap transfer repair + mandibular split + titanium plate and screw internal fixation,3,2,0,Tongue,Leg,1,1,0,0,1,0,0,0,0,Not recurred,1131
21210,1,60,56,160,0,0,0,Radical Resection of Left Maxillary Gingival Cancer + Left Neck Dissection + Right Anterolateral Thigh Flap Reconstruction + Tracheostomy,3,2,0,Gingiva & Jaw,Thigh,1,0,1,0,0,0,/,0,/,Not recurred,2235
21476,0,55,46,163,1,1,0,"Extended Tongue Cancer Resection with Bilateral Neck Lymph Node Dissection, Anterolateral Thigh Flap Reconstruction, and Tracheostomy",2,1,0,Tongue,Thigh,2,1,0,0,0,0,0,0,0,Not recurred,1614
21547,0,55,71,163,0,0,0,"Resection of malignant tumor in the left tongue, oral pharynx, and floor of mouth + bilateral neck dissection + exploration of the left lateral circumflex femoral artery + free transfer of right anterior lateral thigh flap for reconstruction + midline splitting of the mandible + internal fixation with titanium plates and screws + tracheostomy",2,1,0,Tongue,Thigh,2,1,0,0,0,0,/,/,1,653,653
22669,0,77,46,165,1,1,0,Extended resection of upper gingival cancer + bilateral neck dissection + subtotal left maxillectomy + left anterolateral thigh flap reconstruction + vascular anastomosis + tracheostomy,2,1,1,Gingiva & Jaw,Thigh,2,1,0,0,0,0,0,0,0,485,485
22687,0,60,55,180,1,1,0,"Extended Left Tongue Cancer Resection with Neck Lymph Node Dissection, Anterolateral Thigh Flap Reconstruction, and Tracheostomy",2,2,0,Tongue,Thigh,1,1,0,1,0,0,0,0,0,Not recurred,1225
22906,1,58,48,159,0,0,0,Radical resection of right tongue cancer + neck dissection + mandibular split + titanium plate and screw internal fixation + transfer of a flap from the medial side of the left lower leg + tracheostomy,2,1,0,Tongue,Leg,1,1,0,0,0,0,0,0,0,Not recurred,1156
23889,0,62,43,153,1,1,0,Extended Resection of Left Tongue Cancer + Neck Lymph Node Dissection + Anterolateral Thigh Flap Transfer Repair + Tracheostomy,3,2,0,Tongue,Thigh,1,1,0,0,0,0,0,/,/,Not recurred,1409
25847,0,32,85,173,1,1,0,"The right oropharynx, oral floor, and tongue malignant tumor extended resection + right partial mandibulectomy + bilateral neck dissection + bilateral submandibular gland and sublingual gland excision + tracheostomy + free left fibula composite myocutaneous flap transfer and repair + abdominal skin graft + mandibular reconstruction + extraction of tooth #26 and #35",3,2,0,Tongue,Fibula,2,0,0,0,0,1,0,1,1,Not recurred,1176
26787,0,38,64,173,0,0,0,Radical Resection of Left Buccal Cancer + Bilateral Neck Lymph Node Dissection + Hemimandibulectomy + Right Anterolateral Thigh Flap Reconstruction + Tracheostomy,0,0,0,Gingiva & Jaw,Thigh,2,1,0,0,0,0,0,0,0,115,115
27950,0,66,61,160,0,0,0,Radical left buccal cancer resection + left neck dissection + partial mandibulectomy + free anterolateral thigh flap free reconstruction + tracheostomy,2,1,0,Gingiva & Jaw,Thigh,1,1,1,0,0,0,0,0,0,Not recurred,1501
27993,0,76,64.5,165,1,1,0,Radical resection of left lower gingival cancer + neck lymph node dissection + tracheotomy + right fibula fasciocutaneous flap transfer repair + intermaxillary fixation + titanium stent implantation,3,2,0,Gingiva & Jaw,Fibula,1,1,0,0,0,0,0,1,0,Not recurred,1060
28960,0,48,71,170,0,0,0,Radical Right Tongue Cancer Surgery + Left Anterolateral Thigh Flap + Tracheostomy,2,1,0,Tongue,Leg,1,1,0,0,0,0,0,1,0,Not recurred,1695
29293,0,69,77.5,178,0,1,0,Tracheostomy + Extended Resection of Malignant Tumor in Right Gingivobuccal Region + Right Neck Lymph Node Dissection + Partial Resection of Right Maxilla and Mandible + Free Anterolateral Thigh Flap Reconstruction,3,2,0,Gingiva & Jaw,Thigh,1,1,0,0,0,1,0,1,1,Not recurred,1524
30804,1,69,55,150,0,0,0,Radical Resection of Left Tongue Cancer + Neck Dissection + Anterolateral Thigh Flap Transfer Repair + Tracheostomy,2,1,0,Tongue,Thigh,2,1,0,0,0,1,0,/,/,Not recurred,1136
31598,0,49,40,160,0,0,0,Right mandibular tumor extended resection + right neck lymph node dissection + left fibula fascia flap repair + tracheostomy,2,1,0,Gingiva & Jaw,Fibula,1,1,0,1,0,0,0,0,0,Not recurred,1100
32192,0,47,57.5,170,0,1,0,The left cheek malignant tumor extended resection + left neck dissection + partial resection of the left mandible + free anterolateral thigh flap transfer repair + tracheostomy,2,1,0,Gingiva & Jaw,Thigh,1,0,0,0,0,0,0,0,0,Not recurred,1496
33077,1,65,55,155,0,0,0,Radical Resection of Right Tongue Cancer + Neck Dissection + Tracheostomy + Transfer of Medial Calf Flap for Reconstruction + Preparation for Anterolateral Thigh Flap Repair,3,2,0,Tongue,Leg,1,1,0,0,0,0,/,0,0,Not recurred,1129
34042,1,63,33.5,147,0,0,0,Extended Resection of Left Palatal Cancer + Subtotal Resection of Left Maxilla + Block Resection of Left Mandible + Neck Lymph Node Dissection + Anterolateral Thigh Flap Reconstruction + Tracheostomy,0,1,0,Gingiva & Jaw,Thigh,1,1,0,0,0,0,/,0,0,Not recurred,1651
34574,0,52,80,172,1,1,0,Radical Resection of Malignant Tumor on the Left Tongue + Neck Dissection + Transfer of a Graft from the Inner Side of the Calf + Tracheostomy,2,1,0,Tongue,Leg,1,1,0,0,0,1,/,0,0,Not recurred,1153
34895,0,56,70,170,1,1,0,"The left tongue cancer extended resection with radical neck lymph node dissection, midline mandibular split, titanium plate and screw internal fixation, transfer of a flap from the medial aspect of the left lower leg, and tracheotomy",2,2,0,Tongue,Leg,1,1,0,0,0,0,0,1,1,293,293
35251,1,54,67,163,0,0,0,Left Buccal Cancer Extended Resection + Neck Lymph Node Dissection + Gastrocnemius Artery Perforator Flap + Tracheostomy,3,2,0,Buccal Mucosa,Arm,1,1,0,0,0,0,0,0,0,Not recurred,1386
36888,0,79,47,157,0,0,0,Radical Left Pharyngeal Cancer Surgery + Transfer of a Pedicled Flap from the Left Calf for Reconstruction + Tracheostomy,3,2,0,Oropharynx & Palate,Leg,1,1,0,0,0,0,0,/,/,Not recurred,1949
37173,0,42,61,160,1,1,0,Left tongue and pharyngeal recurrent mass extended resection + right neck lymph node dissection + partial resection of left mandible + titanium stent implantation + left lower trapezius muscle transfer repair + tracheostomy,3,3,0,Tongue,Other,1,1,0,0,0,0,0,1,1,1220,1220
37191,0,55,46,160,0,0,0,Radical Resection of Right Buccal Gingival Cancer + Left Fibula Myocutaneous Flap Reconstruction + Tracheotomy,3,2,0,Gingiva & Jaw,Fibula,1,1,0,0,0,0,0,0,0,Not recurred,1892
37397,0,49,65,163,0,0,0,Radical Left Tongue Cancer Surgery + Neck Dissection + Anterolateral Thigh Flap Reconstruction + Tracheostomy,2,2,0,Tongue,Thigh,1,1,0,0,0,0,/,0,0,Not recurred,1154
37679,0,51,65,170,1,1,1,Radical Resection of Right Gingivobuccal Cancer + Right Neck Lymph Node Dissection + Left Fibula Free Flap Transfer and Reconstruction + Tracheostomy,3,2,0,Buccal Mucosa,Fibula,1,1,0,0,0,0,0,0,0,Not recurred,1607
38159,0,40,60,171,1,1,0,"Radical Resection of Malignant Tumors in Both Buccal Floors with Neck Dissection, Tracheostomy, Fibula Myocutaneous Flap Transfer Repair, and Anterolateral Thigh Flap Transfer Repair",3,2,0,Buccal Mucosa,Fibula,2,1,0,0,0,0,0,0,0,Not recurred,1110
39661,1,72,55,155,0,0,0,Extended excision of malignant tumor on the left cheek with transfer of a flap from the inner side of the left leg and tracheostomy,3,1,0,Buccal Mucosa,Leg,1,1,1,0,0,1,0,/,/,Not recurred,1514
40039,0,70,54,161,0,1,0,Radical Right Buccal Cancer Resection + Free Anterolateral Thigh Flap Transfer Repair + Tracheostomy,3,2,0,Buccal Mucosa,Thigh,0,1,0,0,0,0,0,/,/,1133,1133
40518,0,59,74,165,1,1,0,Radical Resection of Right Tongue Cancer + Neck Dissection + Transfer of Gastrocnemius Flap from the Inner Side of the Calf + Tracheostomy,2,1,0,Tongue,Leg,1,1,1,0,0,1,0,0,0,Not recurred,1188
40800,0,61,54,161,1,1,0,"Radiation therapy for right upper gingival cancer with neck dissection, left fibula fasciocutaneous flap transfer repair, mandibular split, and tracheostomy",3,2,0,Gingiva & Jaw,Fibula,1,1,0,0,0,0,0,1,0,Not recurred,1053
41291,0,63,65,165,0,1,1,Radical Left Tongue Cancer Surgery + Left Neck Dissection + Anterolateral Thigh Flap Reconstruction + Tracheostomy,0,1,0,Tongue,Thigh,1,1,0,0,0,0,0,0,0,Not recurred,1127
41330,0,70,64,166,0,0,0,Extended Resection of Gingival Cancer in the Right Lower Jaw with Reconstruction Plate Implantation,3,1,0,Gingiva & Jaw,No Flap,1,0,0,0,0,0,0,0,0,Not recurred,1721
41922,0,64,67,174,0,0,0,Preoperative tracheostomy + right tongue cancer radical resection + free left anterolateral thigh flap reconstruction,3,2,0,Tongue,Thigh,1,1,0,0,1,0,0,0,0,Not recurred,1812
42450,1,58,60,153,0,0,0,Extended Resection of Right Tongue Base Cancer + Neck Lymph Node Dissection + Transfer of Medial Calf Flap for Reconstruction + Tracheostomy,2,1,0,Tongue,Leg,1,1,0,0,0,0,0,1,0,Not recurred,1107
42516,1,46,53,156,0,0,0,Radical Resection of Right Tongue Cancer + Transfer of Left Calf Medial Flap for Reconstruction + Tracheotomy,3,2,0,Tongue,Leg,1,1,0,0,0,0,0,1,0,294,294
42605,1,83,54,152,0,0,0,Radical Resection of Left Lower Gingival Cancer + Left Fibula Myocutaneous Flap Transfer Repair + Tracheostomy,2,1,0,Gingiva & Jaw,Fibula,1,1,0,0,0,0,0,0,0,Not recurred,1634
42638,0,43,85,185,0,0,0,Radical left tongue cancer surgery + left neck dissection + left anterolateral thigh flap reconstruction + tracheostomy,2,1,0,Tongue,Thigh,1,1,0,0,0,0,0,0,0,Not recurred,1204
43178,1,67,42.5,156,0,0,0,"The left submandibular and chin mass excision with bilateral neck lymph node dissection, mandibular split, left mandibular block resection, absorbable plate and screw internal fixation, left pectoralis major myocutaneous flap transfer repair, and tracheostomy",3,2,0,Gingiva & Jaw,Other,2,1,0,0,0,0,0,0,0,1144,1144
43204,0,72,53,160,0,0,0,Radical Resection of Right Maxillary Gingival Cancer + Subtotal Resection of Right Maxilla + Reconstruction with Left Lower Leg Medial Flap + Tracheostomy,3,2,0,Gingiva & Jaw,Leg,1,1,1,0,0,1,/,0,0,Not recurred,1956
44044,0,70,62.5,166,0,0,0,Extended Resection of Left Mandibular Gingival Cancer + Preparation of Right Free Fibula Flap + Left Neck Lymph Node Dissection + Tracheostomy,1,2,0,Gingiva & Jaw,Fibula,1,1,0,0,1,1,0,/,/,Not recurred,1205
44146,0,60,45,160,1,1,0,Right Tongue Cancer Extended Resection + Neck Lymph Node Dissection + Anterolateral Thigh Flap Reconstruction + Tracheostomy,2,1,0,Tongue,Thigh,1,1,0,0,0,0,0,0,0,Not recurred,1833
44352,1,50,55,165,1,0,0,Extended excision of malignant tumor in the right tongue and floor of mouth + right neck lymph node dissection + free vascularized anterolateral thigh flap reconstruction + tracheostomy,2,0,0,Tongue,Thigh,1,1,0,0,0,0,0,0,0,Not recurred,1197
46809,0,48,71,165,0,0,0,Radical Surgery for Left Tongue Cancer + Free Anterolateral Thigh Flap Reconstruction + Tracheostomy,2,1,0,Tongue,Thigh,1,1,0,0,0,0,0,0,0,Not recurred,1711
47431,0,27,38.5,163,0,0,0,Extended excision of malignant tumor on the left tongue + neck lymph node dissection + mandibular split + anterolateral thigh flap transfer repair + tracheostomy,3,2,0,Tongue,Thigh,2,1,0,0,0,0,0,1,0,Not recurred,1395
47916,1,63,52,/,0,0,0,"Right tongue cancer extended resection with radical neck lymph node dissection, left lower leg medial flap transfer repair, and tracheostomy",2,1,0,Tongue,Leg,1,1,0,0,0,0,0,0,0,Not recurred,1481
48502,0,68,51.5,165,1,1,0,Radical surgery for floor of mouth cancer + bilateral neck lymph node dissection + left anterolateral thigh free flap reconstruction + tracheotomy,3,2,0,Floor of Mouth,Thigh,1,1,0,0,0,1,0,0,0,Not recurred,1661
49052,1,92,63,162,0,0,0,"Extended excision of left buccal cancer + neck lymph node dissection + anterolateral thigh flap reconstruction, with tracheostomy prepared",3,1,0,Buccal Mucosa,Thigh,1,1,0,0,0,0,0,/,/,Not recurred,1199
49317,1,64,55,156,0,0,0,Extended Resection of Malignant Tumor of the Left Lower Gingiva + Left Neck Lymph Node Dissection + Right Free Fibula Graft + Tracheostomy,2,1,0,Gingiva & Jaw,Fibula,1,1,0,0,0,0,/,0,/,Not recurred,2280
50600,0,74,52,164,1,1,0,"Radical left pharyngeal cancer resection with neck dissection, left anterior thigh flap reconstruction, and tracheostomy",4,2,0,Oropharynx & Palate,Thigh,1,1,0,0,0,0,/,0,0,Not recurred,1657
52212,0,68,59,164,1,1,0,Extended Resection of Malignant Tumor in Right Tongue and Floor of Mouth with Neck Dissection and Left Fibula Flap Reconstruction,2,1,0,Tongue,Fibula,1,1,0,0,0,0,/,0,0,7,7
52278,0,59,54,167,0,0,0,Extended Resection of Right Gingival Cancer + Neck Lymph Node Dissection + Free Fibula Flap Reconstruction + Tracheostomy,2,0,0,Gingiva & Jaw,Fibula,1,1,0,0,0,0,0,0,0,Not recurred,1117
54951,0,49,50,171,1,1,0,Intraoperative Frozen Section + Radical Resection of Malignant Tumor in Right Oropharynx + Neck Dissection + Free Transfer of Anterolateral Thigh Flap for Reconstruction + Tracheostomy + Laryngectomy + Tracheostoma,2,1,0,Oropharynx & Palate,Thigh,1,1,0,0,0,0,0,1,0,771,771
58224,1,80,51,158,0,0,0,Radical Resection of Left Mandibular Gingival Cancer + Neck Dissection + Free Fibula Flap Reconstruction + Tracheostomy,3,2,0,Gingiva & Jaw,Thigh,1,1,0,0,0,0,/,0,0,Not recurred,1605
59758,0,62,60,162,0,1,0,Extended resection of malignant tumor in the left maxilla + total left maxillectomy + left neck lymph node dissection + titanium mesh orbital floor reconstruction + left anterolateral thigh flap repair + vascular anastomosis + tracheostomy,2,1,0,Gingiva & Jaw,Thigh,1,1,0,0,0,0,0,1,1,268,268
60667,1,63,53,162,1,1,0,Right Tongue Base Malignant Tumor Resection + Right Neck Dissection + Free Lateral Femoral Cutaneous Flap Transfer Repair + Right Anterolateral Thigh + Tracheostomy + Chest Wall Drainage Tube Placement,3,2,0,Tongue,Thigh,1,0,0,1,0,0,0,0,0,Not recurred,1130
60870,1,66,55,158,0,0,0,Radical right tongue cancer surgery + right neck dissection + left anterior lateral thigh flap repair + tracheostomy,3,1,0,Tongue,Thigh,1,1,0,0,0,1,/,0,0,Not recurred,1125
63083,0,51,61,160,0,0,0,Right tongue cancer radical resection + left lower leg medial flap transfer repair + tracheostomy,2,1,0,Tongue,Leg,2,1,0,0,0,0,0,/,/,Not recurred,1568
63147,0,62,46,165,1,1,0,Radical Resection of Left Lower Gingival Cancer + Extended Clavicular Supraclavicular Myocutaneous Flap Repair + Partial Mandibulectomy,3,2,0,Gingiva & Jaw,Other,1,1,0,0,0,0,/,0,0,3295,3295
64007,0,52,68,168,1,1,0,Radical Resection of Right Tongue Cancer + Right Neck Dissection + Anterolateral Thigh Flap Reconstruction + Tracheostomy,3,2,0,Tongue,Thigh,1,1,0,0,0,0,0,0,0,Not recurred,1196
64052,0,63,49.5,155,0,0,0,Radical Resection of the Whole Tongue + Neck Dissection + Tracheostomy + Anterolateral Thigh Flap Transfer Repair + Mandibular Splitting,3,2,0,Tongue,Leg,2,1,0,0,0,0,0,1,0,Not recurred,1223
64126,0,30,67,/,0,1,0,Right tongue cancer extended resection + left forearm free flap repair + right neck dissection + tracheostomy,2,1,0,Tongue,Arm,1,1,0,0,0,0,/,0,0,Not recurred,1529
65213,0,69,80,169,1,1,0,Radical right tongue cancer resection + right neck dissection + anterolateral thigh flap reconstruction + tracheostomy,3,2,0,Tongue,Thigh,1,1,0,0,1,1,0,0,0,Not recurred,1151
65283,0,/,/,/,0,0,0,/,0,0,0,Other,Other,0,0,0,0,0,0,0,0,0,Not recurred,1130
65304,0,74,56,165,0,0,0,Radical Resection of Right Tongue Cancer + Neck Dissection + Transfer of Medial Leg Flap for Reconstruction + Tracheostomy,3,2,0,Tongue,Leg,1,1,0,0,0,0,0,0,0,Not recurred,1146
65979,0,57,61,164,0,1,0,Extended resection of malignant tumor in right floor of mouth + right neck dissection + midline split of mandible + transfer of left fibula musculocutaneous flap + tracheostomy,2,1,0,Gingiva & Jaw,Fibula,1,1,0,0,0,0,0,0,0,Not recurred,1150
66043,0,35,90,175,1,1,0,Radical resection of right tongue cancer + neck dissection + mandibular split + titanium plate and screw internal fixation + lateral leg flap repair + tracheostomy + skin graft from proximal leg to repair distal skin defect,2,1,0,Tongue,Leg,1,1,0,0,0,0,/,0,0,Not recurred,1173
66959,0,62,79,172,0,0,0,Radical Resection of Left Maxillary Gingival Cancer + Mandibular Splitting + Transfer of a Graft from the Medial Aspect of the Left Lower Leg + Tracheostomy,2,1,0,Gingiva & Jaw,Leg,1,1,0,0,0,1,/,/,/,Not recurred,2005
66989,0,65,73,174,0,1,0,Extended Resection of Left Lower Gingival Cancer + Neck Lymph Node Dissection + Fibula Flap Transfer Reconstruction + Tracheostomy,2,1,0,Gingiva & Jaw,Fibula,1,1,0,0,0,1,0,0,0,Not recurred,1152
68808,0,57,60.5,170,1,1,0,Radical surgery for bilateral oropharyngeal cancer + left anterolateral thigh flap reconstruction + tracheostomy,3,2,0,Oropharynx & Palate,Thigh,2,1,0,0,1,1,0,0,0,Not recurred,1718
69032,1,60,54.5,156,0,0,0,Radical Resection of Gingival Cancer of the Left Lower Jaw + Osteotomy of the Mandible,2,0,0,Gingiva & Jaw,No Flap,0,0,0,0,0,0,/,0,0,Not recurred,3309
69577,0,33,80,178,1,1,0,"Extended Left Tongue Cancer Resection with Neck Lymph Node Dissection, Anterolateral Thigh Flap Transfer Repair, and Tracheostomy",2,2,0,Tongue,Thigh,1,1,0,0,0,0,0,0,0,Not recurred,1397
69582,0,91,52.5,155,0,0,0,Extended Resection of Left Buccal Cancer with Graft Repair,2,0,0,Buccal Mucosa,No Flap,0,0,0,0,0,1,0,0,/,Not recurred,1866
69685,0,70,52,168,1,1,0,Extended resection of malignant tumor of the left maxillary sinus + partial maxillectomy + neck dissection + mandibular split + transfer of a flap from the medial aspect of the left lower leg + tracheostomy,3,2,0,Gingiva & Jaw,Leg,1,1,0,0,1,1,0,0,0,439,439
71400,0,53,49,165,1,1,0,"The right cheek and right upper lip cancer extended resection + right neck dissection + left anterolateral thigh flap repair + tracheostomy + extraction of 46, 47, 48",3,1,0,Buccal Mucosa,Thigh,1,1,0,0,0,0,0,0,0,333,333
72441,1,64,45,152,0,0,0,Radical resection of the entire tongue + neck dissection + anterolateral thigh flap transfer repair + mandibular split + titanium plate and screw internal fixation + extraction of loose teeth + tracheostomy,2,1,0,Tongue,Thigh,2,1,0,0,1,0,0,0,0,Not recurred,1191
73404,0,77,63,157,0,0,0,Extended Resection of Malignant Tumor of the Entire Tongue + Neck Dissection + Mandibular Splitting + Anterolateral Thigh Flap Transfer Repair + Tracheostomy,3,2,0,Tongue,Thigh,2,1,1,0,0,0,0,0,0,Not recurred,1376
73745,1,62,51,158,0,0,0,"The right upper gingival malignant tumor extended resection + right maxillectomy (subtotal) + right inferior turbinate resection + right submandibular gland excision + right neck dissection + right lower pole of parotid gland ligation and excision + tracheostomy + midline mandibular split + titanium plate and screw internal fixation + free anterolateral thigh flap transfer repair + extraction of teeth #31, 32, 33, 34, 35, 36, 37, 41",2,1,0,Gingiva & Jaw,Thigh,1,1,0,0,0,0,0,0,0,Not recurred,1111
73878,1,81,66,159,0,0,0,Radical surgery for cancer of the left base of the tongue + left free forearm flap repair + neck lymph node dissection,3,2,0,Tongue,Arm,1,1,1,0,1,1,/,0,0,1181,1181
73943,1,34,50,167,0,0,0,Right Tongue Cancer Radical Surgery + Right Neck Dissection + Midline Mandibular Osteotomy + Free Anterolateral Thigh Flap Transfer Repair + Tracheostomy,2,1,0,Tongue,Thigh,1,1,0,0,0,0,0,0,0,Not recurred,1412
74305,0,47,67,163,0,1,1,Radical Surgery for Left Tongue Floor Cancer + Transfer of Left Lower Leg Medial Flap for Reconstruction + Tracheostomy,2,1,0,Tongue,Leg,1,1,0,0,0,0,0,0,0,Not recurred,1617
75467,1,80,77,178,0,0,0,Left cheek mass excision + anterolateral thigh flap free transfer + tracheotomy + neck lymph node dissection,2,1,0,Buccal Mucosa,Thigh,1,1,0,0,0,1,0,0,0,Not recurred,1240
76767,0,51,58,168,1,0,1,The right mandibular gingival malignant tumor resection + right neck arterial and venous exploration + rib-containing right pectoralis major transfer repair + tracheotomy,3,0,0,Gingiva & Jaw,Other,0,1,0,0,0,0,0,/,/,Not recurred,1072
77324,0,57,63,159,0,1,0,Radical resection of malignant tumor on the left tongue + neck dissection + tracheotomy + transfer of a flap from the medial side of the lower leg + mandibular split + internal fixation with titanium plates and screws,2,1,0,Tongue,Leg,1,1,0,1,0,0,0,0,0,Not recurred,1072
77591,0,73,75,168,0,1,0,The right maxillary gingival cancer extended resection + neck lymph node dissection + anterolateral thigh flap reconstruction + tracheostomy,2,0,0,Gingiva & Jaw,Thigh,1,1,1,0,0,1,0,/,/,Not recurred,1178
78999,0,51,58,168,0,0,0,Extended Resection of Malignant Tumor in the Forehead with Free Flap Reconstruction from the Left Forearm,3,2,0,Other,Arm,0,0,0,0,0,0,/,0,0,Not recurred,1668
80067,0,55,55.5,170,1,1,0,Radical Surgery for Tongue Cancer + Bilateral Neck Lymph Node Dissection + Left Anterolateral Thigh Flap Reconstruction + Tracheostomy,3,1,0,Tongue,Thigh,1,1,0,0,0,1,/,0,0,Not recurred,1162
81706,1,70,45,150,0,0,0,Radical Surgery for Left Tongue Cancer + Free Anterolateral Thigh Flap Transfer Repair + Tracheostomy,2,1,0,Tongue,Thigh,1,1,0,0,0,0,0,0,0,Not recurred,1737
82353,1,60,68,160,0,0,0,Radical left tongue cancer resection + left neck dissection + mandibular split + free transfer of the left anterolateral thigh flap for reconstruction + tracheostomy,2,2,0,Tongue,Thigh,1,1,0,0,0,0,0,0,0,Not recurred,1077
82914,1,74,30,137,0,0,0,Resection of the mass on the left palatoglossal arch,3,1,0,Oropharynx & Palate,No Flap,0,0,0,0,0,0,/,0,0,Not recurred,1503
84146,0,48,84,172,0,1,0,The right tongue cancer extended resection + neck lymph node dissection + midline mandibular split + titanium plate and screw internal fixation + left lower leg medial flap transfer repair + tracheotomy,2,1,0,Tongue,Leg,1,1,0,0,0,0,0,0,0,Not recurred,1475
84353,0,58,60,168,1,0,0,The right tongue cancer lesion expanded resection + right neck lymph node dissection + left anterior lateral thigh flap repair + tracheostomy,0,1,0,Tongue,Thigh,1,1,0,0,0,0,0,/,/,Not recurred,1044
84644,0,56,73,166,1,1,0,Radical resection of left buccal cancer + subtotal resection of left mandible and maxilla + neck dissection + titanium stent reconstruction + occlusal fixation + tracheostomy + anterolateral thigh flap transfer for reconstruction,3,3,0,Gingiva & Jaw,Thigh,1,1,0,0,0,0,0,0,0,Not recurred,1183
84734,1,77,49,155,0,0,0,Extended Resection of Squamous Cell Carcinoma of the Left Maxillary Vestibule + Bilateral Neck Lymph Node Dissection + Free Anterolateral Thigh Flap Reconstruction + Tracheostomy,3,2,0,Gingiva & Jaw,Thigh,2,1,1,0,1,1,0,0,0,Not recurred,1550
85296,0,52,87,166,1,1,0,Extended resection of floor of mouth + neck lymph node dissection + anterolateral thigh flap reconstruction + tracheostomy,2,1,0,Floor of Mouth,Thigh,1,1,0,0,0,0,/,0,0,Not recurred,1442
85325,1,57,45,155,0,0,0,The left lower gingival mass excision + left mandibular block resection + left neck malignant mass excision + left neck lymph node dissection + titanium stent implantation + left pectoralis major myocutaneous flap transfer and repair + tracheostomy,3,1,0,Gingiva & Jaw,Other,1,1,0,0,0,1,0,0,0,77,77
85584,1,63,58,160,1,0,0,Radical Resection of Left Tongue Cancer + Transfer of a Pedicled Flap from the Inner Side of the Left Leg for Repair + Tracheotomy,2,1,0,Tongue,Leg,1,1,0,0,0,0,0,0,0,Not recurred,1806
86374,1,76,57,158,0,0,0,Radical Resection of Left Tongue Cancer + Neck Dissection + Tracheostomy + Transfer of Graft from the Inner Side of the Calf for Repair + Skin Graft Harvesting from Proximal to Distal of the Calf,3,1,0,Tongue,Leg,1,1,0,0,0,0,0,0,0,Not recurred,1060
87521,0,77,65,172,0,1,0,Extended resection of malignant tumor of the left mandible + left neck lymph node dissection + right fibula flap reconstruction + tracheostomy,3,2,0,Gingiva & Jaw,Fibula,1,1,0,0,0,0,0,0,1,Not recurred,1151
87727,0,44,45,171,0,0,0,Radical right tongue cancer surgery + right neck lymph node dissection + left lower leg medial flap repair + tracheostomy,3,2,0,Tongue,Leg,1,1,0,0,0,0,0,0,0,Not recurred,1652
88113,1,65,57,153,0,0,0,Left Tongue Malignant Tumor Resection + Left Neck Dissection + Free Left Anterolateral Thigh Flap Transfer Repair + Tracheostomy,2,1,0,Tongue,Thigh,1,1,0,0,0,0,0,0,0,Not recurred,1256
88663,0,65,56.5,168,1,1,0,Radical Right Tongue Cancer Surgery + Bilateral Neck Lymph Node Dissection + Tracheostomy + Free Anterolateral Thigh Flap Reconstruction,3,2,0,Tongue,Thigh,2,1,1,1,1,0,0,0,0,Not recurred,1714
88754,1,74,46,154,0,0,0,Extended Resection of Left Tongue Cancer + Neck Lymph Node Dissection + Anterolateral Thigh Flap Reconstruction + Tracheostomy,1,2,0,Tongue,Thigh,1,1,0,0,0,1,0,0,0,Not recurred,1525
88769,0,57,49,165,1,1,0,"Extensive excision of a large recurrent malignant tumor of the left cheek, skull base, upper and lower alveolar ridges + total resection of the left upper and lower jaws + partial resection of the right mandible + bilateral neck lymph node dissection + titanium mesh reconstruction of the orbital floor + transfer of the left lower trapezius myocutaneous flap for repair + tracheostomy",2,2,0,Gingiva & Jaw,Other,2,1,0,1,0,0,0,1,1,646,646
88782,0,66,41,168,0,0,0,Right Parotid Malignant Tumor Extended Resection with Right Mandibular Partial Resection,3,1,0,Gingiva & Jaw,No Flap,0,0,0,0,0,0,/,0,0,Not recurred,2019
89400,0,58,68,166,0,0,0,Radical Resection of Right Tongue Lesion + Neck Lymph Node Dissection + Anterolateral Thigh Flap Reconstruction + Tracheostomy,0,0,0,Tongue,Thigh,1,1,0,0,0,0,0,0,1,86,86
90701,0,48,69,165,0,0,0,Resection of malignant tumor of the left upper gingival oropharynx + extended resection of the left maxilla + radical neck dissection on the left side + bilateral submandibular gland excision + inferior pole resection of both parotid glands with ligation + submental flap transfer for reconstruction + tracheostomy,2,3,0,Gingiva & Jaw,Other,1,1,0,0,0,0,0,0,0,139,139
91144,1,51,46,156,0,0,0,Extended Resection of Left Tongue Cancer + Neck Lymph Node Dissection + Anterolateral Thigh Flap Reconstruction,2,2,0,Tongue,Thigh,1,1,0,0,0,0,0,0,0,Not recurred,1441
94187,0,55,65,165,0,0,0,The radical resection of left lower gingival cancer + neck lymph node dissection + tracheotomy + right fibula fascia flap transfer repair + titanium stent implantation + mandibular reconstruction,3,2,0,Gingiva & Jaw,Fibula,1,1,0,0,0,0,0,0,0,Not recurred,1060
95050,0,70,48,168,1,1,0,Radical left oropharyngeal cancer surgery + partial left mandibulectomy + left fibula fasciocutaneous flap transfer repair + tracheostomy,2,1,0,Gingiva & Jaw,Fibula,1,1,0,0,0,1,0,0,0,Not recurred,1645
95479,1,82,61.5,156,0,0,0,Left cheek mass excision with left neck dissection and free left anterolateral thigh flap transfer repair with tracheostomy,1,0,0,Buccal Mucosa,Thigh,1,1,1,0,0,1,0,/,/,Not recurred,1319
95646,0,59,64,170,0,1,0,The right tongue mass biopsy with planned extended resection of right tongue cancer + anterolateral thigh flap free transfer + tracheotomy + neck lymph node dissection,1,1,0,Tongue,Thigh,1,1,0,1,0,0,0,0,0,Not recurred,1124
95978,0,39,50,175,0,0,0,The left tongue cancer extended resection + left neck lymph node dissection + midline mandibular split + titanium plate and screw internal fixation + transfer of a flap from the medial aspect of the left lower leg + tracheostomy,2,1,0,Tongue,Leg,1,1,0,0,0,0,0,0,0,Not recurred,1507
96083,1,72,56,151,0,0,0,Radical Resection of Right Tongue Cancer + Neck Dissection + Tracheostomy + Left Lower Leg Vascular Exploration + Left Forearm Flap Transfer Repair,3,2,0,Tongue,Leg,1,1,1,0,1,1,0,0,0,Not recurred,1177
97048,0,41,61.5,170,0,0,0,Left Mandibular Tumor Extended Resection with Free Fibula Muscle Skin Flap Transplantation,2,1,0,Gingiva & Jaw,Fibula,0,1,0,0,0,0,0,0,0,395,395
97802,1,57,71,165,0,0,0,Radical Resection of Malignant Tumor of the Left Upper Gingiva + Neck Dissection + Transfer of a Pedicled Flap from the Inner Side of the Calf + Tracheostomy,2,1,0,Gingiva & Jaw,Leg,1,1,0,0,0,0,0,0,0,Not recurred,1278
98016,0,34,75,170,0,1,0,Radical Surgery for Left Tongue Cancer + Left Neck Dissection + Tracheostomy + Free Transfer of the Left Anterolateral Thigh Flap for Reconstruction,2,1,0,Tongue,Thigh,1,1,0,0,0,0,0,0,0,Not recurred,1147
98259,0,67,47.5,167,0,1,0,Radical Resection of Right Oropharyngeal Cancer with Neck Dissection and Left Fibula Flap Reconstruction,4,3,0,Oropharynx & Palate,Fibula,2,1,0,1,0,0,0,0,0,Not recurred,1785
99437,0,45,65,170,0,0,0,Radical resection of bilateral floor of mouth cancer + bilateral neck lymph node dissection + tracheotomy + left fibula fascia flap transfer repair + titanium stent implantation + mandibular reconstruction,2,1,0,Gingiva & Jaw,Fibula,2,1,0,0,0,0,0,1,1,Not recurred,1154
102534,1,71,72,160,0,0,0,Right tongue cancer extended resection + neck lymph node dissection + anterolateral thigh flap reconstruction + tracheostomy,2,2,0,Tongue,Thigh,1,1,0,0,0,1,/,0,0,Not recurred,1408
102840,1,54,51.5,160,0,0,0,Extended Resection of Malignant Tumor of the Left Maxillary Gingiva + Subtotal Resection of the Right Maxillary Bone + Transfer of a Pedicle Flap from the Medial Side of the Left Leg + Tracheostomy,2,1,0,Gingiva & Jaw,Leg,1,1,0,0,0,0,0,0,0,Not recurred,1116
103560,0,73,41,/,0,0,0,Extended Resection of Left Mandibular Gingivobuccal Cancer + Neck Lymph Node Dissection + Partial Mandibulectomy + Titanium Plate and Screw Internal Fixation + Left Fibula Myocutaneous Flap Transfer Reconstruction + Left Anterolateral Thigh Flap Transfer Reconstruction + Tracheostomy,2,1,0,Gingiva & Jaw,Fibula,1,1,0,0,0,0,0,/,/,Not recurred,1528
104030,0,41,63,173,0,1,0,Left lower gingival malignant tumor extended resection + left neck dissection + free right fibula flap transfer repair + titanium scaffold implantation + occlusal reconstruction + intermaxillary traction on the right side + tracheotomy,2,1,0,Gingiva & Jaw,Fibula,1,1,0,0,0,0,0,1,0,Not recurred,1006
105047,1,76,41.5,152,0,0,0,Extended Resection of Left Lower Gingival Cancer + Neck Dissection + Fibula Flap Reconstruction + Tracheostomy,1,2,0,Gingiva & Jaw,Fibula,1,1,0,0,0,0,0,0,0,Not recurred,1329
105494,0,71,70,168,0,0,0,Radical excision of bilateral floor of mouth malignant tumor + mandibular split + neck dissection + transfer of medial leg flap for reconstruction + tracheostomy,2,1,0,Gingiva & Jaw,Leg,2,1,0,0,0,1,0,/,/,Not recurred,1300
105592,0,56,70,171,1,1,0,The left floor of mouth cancer extended resection + neck lymph node dissection + fibula free flap transfer repair + abdominal skin grafting + tracheotomy,3,2,1,Floor of Mouth,Fibula,1,1,0,0,0,1,0,0,0,Not recurred,1427
105823,0,36,100,172,0,1,1,Radical resection of malignant tumor on the left tongue + neck dissection + tracheotomy + transfer of flap from the medial side of the left lower leg for reconstruction + mandibular splitting + internal fixation with titanium plates and screws + skin graft from the distal end of the lower leg to repair the proximal defect,2,1,0,Tongue,Leg,1,1,0,0,0,0,/,0,0,Not recurred,1183
106410,1,55,43,156,0,0,0,"Radical left buccal cancer resection with neck dissection, right anterior lateral thigh flap reconstruction, and tracheostomy",1,0,0,Buccal Mucosa,Thigh,1,1,0,0,0,0,0,0,0,Not recurred,1700
106430,0,67,55,172,0,0,0,Extended radical resection of left tongue cancer + left neck lymph node dissection + midline split of mandible + internal fixation with titanium plates and screws + transfer of a flap from the medial aspect of the left lower leg for reconstruction + tracheostomy,2,1,0,Tongue,Leg,1,1,0,0,0,0,0,0,0,Not recurred,1486
106988,1,75,49,157,0,0,0,Extended excision of malignant tumor of the left lower gingiva + block resection of the left mandible + left neck lymph node dissection + submental flap reconstruction + titanium stent implantation + tracheotomy,3,1,0,Gingiva & Jaw,Other,1,1,0,1,0,1,0,0,0,357,357
107563,0,45,55,170,0,0,0,Preoperative tracheostomy + radical surgery for tongue cancer + free anterolateral thigh flap reconstruction on the left side,2,1,0,Tongue,Thigh,1,1,0,0,0,0,0,0,0,Not recurred,1990
109712,1,61,58,156,0,0,0,Radical Surgery for Tongue Cancer + Neck Dissection + Anterolateral Thigh Flap Reconstruction + Tracheostomy,1,1,0,Tongue,Thigh,2,1,0,0,0,0,0,0,0,Not recurred,1699
109834,0,52,76,170,0,0,0,Radical right tongue cancer surgery + right neck dissection + lower leg flap + tracheostomy,3,2,0,Tongue,Leg,1,1,0,0,0,0,0,0,0,Not recurred,1746
109853,1,58,45,151,0,0,0,Radical left tongue cancer resection + bilateral neck dissection + free left anterolateral thigh flap transfer repair + midline mandibular split + tracheostomy,3,2,0,Tongue,Thigh,2,1,0,0,0,0,0,1,1,Not recurred,1508
110407,1,52,58.5,160,0,0,0,Extended resection of malignant tumor on the right tongue + right neck lymph node dissection + transfer of a flap from the medial left leg for reconstruction + tracheostomy,4,2,0,Tongue,Leg,1,1,0,0,0,0,0,0,0,Not recurred,1535
110421,0,61,60,165,1,1,0,"Left tongue cancer post-comprehensive treatment, left neck mass excision + partial left mandibulectomy + titanium scaffold internal fixation + left lower trapezius repair + tracheostomy",2,2,0,Tongue,Other,1,1,1,0,0,1,0,1,1,1408,1408
110583,0,50,65,169,1,1,0,Right tongue cancer extended resection + neck lymph node dissection + anterolateral thigh flap reconstruction + tracheostomy,2,1,0,Tongue,Thigh,1,1,0,0,0,0,0,0,1,572,572
113891,1,76,42,137,0,0,0,Radical right tongue cancer resection + right neck dissection + free left anterolateral thigh flap transfer repair + tracheostomy,2,1,0,Tongue,Thigh,1,1,0,0,0,0,0,/,/,Not recurred,1153
113929,0,36,63,183,0,0,0,Right Tongue Cancer Extended Resection + Transfer of a Flap from the Medial Side of the Left Leg for Repair + Tracheostomy,2,1,0,Tongue,Leg,1,1,0,0,0,0,0,0,0,Not recurred,1389
114355,1,53,70,164,0,0,0,Radical Resection of Left Upper Gingival Cancer + Left Neck Dissection + Right Anterolateral Thigh Flap Reconstruction + Tracheostomy,2,1,0,Gingiva & Jaw,Thigh,1,1,0,0,0,0,0,0,0,Not recurred,1320
116388,0,68,71.5,166,1,1,0,Left cheek cancer radical resection + neck lymph node dissection + free fibula flap reconstruction + tracheotomy,2,2,0,Buccal Mucosa,Fibula,1,1,0,0,0,1,0,0,0,Not recurred,1623
117606,0,58,70,163,0,1,0,Radical Resection of Left Tongue Cancer + Left Neck Dissection + Free Transfer of Left Anterolateral Thigh Flap for Reconstruction,3,2,0,Tongue,Thigh,1,0,0,0,0,1,0,0,0,Not recurred,1234
117850,0,71,60,160,0,1,0,"Tracheostomy + Extended Resection of Left Maxilla and Mandible Radioactive Osteonecrosis with Endoscopic Assistance + Adjacent Flap Transfer Repair + Extraction of Teeth #24, #25, #26, #27 + Gingival Flap Surgery + Apical Curettage + Alveolar Bone Contouring + Bilateral Maxillary and Mandibular Traction Screw Implantation",3,1,0,Gingiva & Jaw,Thigh,0,1,0,0,1,1,/,/,/,905,905
118955,0,76,57,169,1,0,0,Radical Surgery for Bilateral Oropharyngeal Squamous Cell Carcinoma,2,1,0,Oropharynx & Palate,Thigh,2,1,0,0,0,1,0,0,0,Not recurred,1494
120017,1,74,62.5,156,0,0,0,Radical resection of left tongue cancer + neck dissection + tracheostomy + transfer of a flap from the inner side of the left lower leg + mandibular split + internal fixation with titanium plates and screws,2,1,0,Tongue,Leg,1,1,0,0,0,0,0,0,0,159,159
120477,0,54,80,177,1,1,0,Extended excision of malignant tumor in the right oropharynx + left fibula fascia flap transfer and reconstruction + tracheostomy,2,1,0,Oropharynx & Palate,Fibula,1,1,1,0,0,1,/,1,1,Not recurred,1573
120599,0,53,52.5,162,0,1,0,Radical Surgery for Left Tongue Cancer + Repair with a Pedicled Flap from the Inner Side of the Left Leg + Tracheostomy,3,2,0,Tongue,Leg,1,1,0,0,0,0,/,0,0,Not recurred,1188
120700,0,57,70,170,0,0,0,Radical Resection of Left Tongue Cancer + Neck Dissection + Tracheostomy + Transfer of a Graft from the Medial Side of the Calf,2,1,0,Tongue,Leg,1,1,0,0,0,0,0,0,0,Not recurred,1127
120952,1,50,59,152,1,0,0,"Extended Left Tongue Cancer Resection with Neck Lymph Node Dissection, Right Anterolateral Thigh Flap Reconstruction, and Preoperative Tracheostomy",0,1,0,Tongue,Thigh,1,1,0,0,0,0,0,0,0,Not recurred,1168
121403,0,66,62,164,0,1,0,Extended Left Tongue Cancer Resection + Neck Lymph Node Dissection + Anterolateral Thigh Flap Reconstruction + Tracheostomy,2,1,0,Tongue,Thigh,1,1,0,0,0,0,/,0,0,Not recurred,1429
121643,1,62,63,162,0,0,0,Extended left tongue cancer resection + left neck lymph node dissection + right anterior lateral thigh flap reconstruction + tracheostomy,2,1,0,Tongue,Thigh,1,1,0,0,0,0,/,0,0,Not recurred,1470
121683,0,72,60,170,1,1,0,Resection of left parapharyngeal mass,2,0,0,Oropharynx & Palate,No Flap,0,0,0,0,0,0,/,/,/,Not recurred,1090
121794,1,83,54,137,0,0,0,The left maxillary gingival cancer extended resection + left maxillectomy + left orbital floor reconstruction + bilateral neck lymph node dissection + left anterolateral thigh flap repair + tracheotomy,3,1,0,Gingiva & Jaw,Other,0,0,0,0,1,0,/,0,0,438,438
122824,0,48,55,150,1,1,0,Extended Left Tongue Cancer Resection + Neck Lymph Node Dissection + Free Anterolateral Thigh Flap Reconstruction + Tracheostomy,1,1,0,Tongue,Thigh,1,1,0,0,0,0,0,/,/,Not recurred,1191
122906,1,47,47,154,0,0,0,Right Tongue Cancer Extended Resection + Neck Lymph Node Dissection + Anterolateral Thigh Flap Reconstruction + Tracheostomy,2,2,0,Tongue,Thigh,1,1,0,0,0,0,0,0,0,Not recurred,1376
123925,0,69,50,160,0,1,0,Left tongue cancer recurrence extended resection + right parapharyngeal mass excision + left anterolateral thigh flap transfer + left forearm flap transfer repair + tracheotomy,2,1,0,Tongue,Thigh,2,1,0,0,0,0,0,0,0,1816,1816
124679,1,86,42.5,/,0,0,0,Extended Resection of Malignant Tumor in the Left Parotid Region + Neck Dissection + Transfer Repair with a Pedicled Flap from the Medial Side of the Right Calf,3,2,0,Other,Leg,1,1,0,0,0,0,/,/,/,Not recurred,1328
124686,0,61,65,170,0,0,0,Radical Resection of Right Tongue Cancer + Repair with Left Anterolateral Thigh Flap + Tracheostomy,2,1,0,Tongue,Thigh,2,1,0,0,0,0,0,0,0,Not recurred,1687
125509,0,65,76,185,0,1,0,Radical Resection of Gingival Cancer of Both Mandibles + Neck Dissection + Tracheostomy + Left Fibula Myocutaneous Flap Transfer and Reconstruction + Mandibular Reconstruction,3,2,0,Gingiva & Jaw,Fibula,2,1,0,1,1,1,0,0,0,Not recurred,1128
126372,1,43,51,160,0,0,0,Radical Resection of Malignant Tumor in the Left Maxilla + Left Neck Lymph Node Dissection + Transfer of a Pedicled Flap from the Medial Side of the Left Lower Leg + Osteotomy of the Mandible + Internal Fixation with Titanium Plates and Screws,2,1,0,Gingiva & Jaw,Leg,1,1,0,0,0,0,0,0,0,686,686
126701,1,46,65,144,0,0,0,Radical resection of malignant tumor on the left tongue + left neck dissection + free flap transfer from the inner side of the left lower leg + tracheostomy + mandibular split + internal fixation with titanium plates and screws,2,1,0,Tongue,Leg,1,1,1,0,0,1,0,0,0,249,249
127274,0,82,67,161,0,0,0,The right cheek and temporal region malignant tumor extended resection + right maxillectomy + right neck lymph node dissection + free anterolateral thigh flap reconstruction,3,2,0,Gingiva & Jaw,Thigh,1,0,0,1,1,1,0,0,0,Not recurred,1526
127456,0,47,64.5,173,1,1,0,Left tongue cancer recurrence extended resection + left neck metastatic lesion extended resection + radical left neck lymph node dissection + tracheostomy + left anterolateral thigh free flap repair,3,2,0,Tongue,Thigh,1,1,0,0,0,0,0,0,0,5,5
129172,0,36,48.5,160,0,1,1,"The left maxillary gingiva, palate malignant tumor extended resection + left maxillectomy + bilateral neck dissection + midline mandibular osteotomy + titanium plate and screw internal fixation + free anterolateral thigh flap transfer repair + tracheostomy",2,1,0,Gingiva & Jaw,Thigh,1,1,0,0,0,0,/,/,/,Not recurred,1025
129287,1,35,45,156,0,0,0,"Extended Resection of Recurrent Malignant Tumor in the Right Tongue, Tongue Base, and Floor of Mouth + Right Neck Lymph Node Dissection + Tracheotomy + Free Forearm Flap Reconstruction on the Left Side",2,2,1,Tongue,Arm,1,1,0,0,0,0,0,1,1,1359,1359
129913,0,45,65,168,0,0,0,Extended resection of right lower gingival cancer + neck lymph node dissection + fibula flap reconstruction + tracheotomy,2,2,0,Gingiva & Jaw,Fibula,1,1,0,0,0,0,0,0,0,Not recurred,1479
130362,0,44,73,173,0,1,0,Radical Surgery for Left Tongue Cancer + Left Neck Dissection + Free Transfer of the Left Anterolateral Thigh Flap for Reconstruction,2,1,0,Tongue,Thigh,1,0,0,0,0,1,0,0,0,Not recurred,1101
130364,0,32,62,165,0,0,0,Radical Surgery for Left Tongue Cancer + Transfer of a Pedicled Flap from the Inner Side of the Left Calf + Tracheostomy,2,1,0,Tongue,Leg,1,1,0,0,0,0,/,1,1,Not recurred,1869
130488,0,72,71.5,166,0,0,0,Radical Resection of Malignant Tumor in the Left Maxilla + Neck Dissection + Transfer of Left Fibular Myocutaneous Flap for Reconstruction + Tracheostomy,4,2,0,Gingiva & Jaw,Fibula,1,1,0,0,1,1,0,0,0,Not recurred,1116
130873,0,63,82,169,0,0,0,Extended Resection of Malignant Tumor of the Left Gingiva + Partial Resection of the Mandible + Neck Dissection + Fibula Myocutaneous Flap Transfer Repair + Tracheostomy,3,2,0,Gingiva & Jaw,Fibula,1,1,0,0,0,1,0,0,0,Not recurred,1262
131319,0,49,60,164,1,1,0,Radical left tongue cancer surgery + left neck lymph node dissection + left anterolateral thigh flap transfer repair surgery + tracheostomy,3,2,0,Tongue,Thigh,1,1,0,0,0,1,0,0,0,Not recurred,1512
133283,0,63,55,155,1,1,0,The radical surgery for bilateral floor of mouth cancer + partial glossectomy + partial mandibulectomy + bilateral neck lymph node dissection + tracheotomy + free left fibula musculocutaneous flap transfer and reconstruction + backup right fibula + backup abdominal skin graft,2,1,0,Tongue,Fibula,2,1,0,0,0,0,0,1,1,Not recurred,1170
133505,1,65,56,/,0,0,0,Radical Surgery for Left Tongue Cancer + Left Forearm Flap Repair + Tracheostomy,2,1,0,Tongue,Arm,1,1,0,0,0,0,/,0,0,Not recurred,1526
135500,0,55,61,165,0,1,0,Extended Radical Resection of Left Tongue Squamous Cell Carcinoma + Left Neck Dissection + Left Forearm Flap Reconstruction + Tracheostomy,3,1,0,Tongue,Arm,1,1,1,0,0,0,/,0,0,2140,2140
135938,0,54,54,160,0,0,0,Radical Surgery for Right Tongue Base Cancer + Right Pectoralis Major Myocutaneous Flap Reconstruction + Tracheostomy,2,1,0,Tongue,Other,1,1,0,0,0,0,/,0,0,Not recurred,2094
136480,1,64,46,148,0,0,0,Resection of right sublingual mass with bilateral neck lymph node dissection,3,2,0,Tongue,No Flap,2,0,0,0,0,0,/,0,0,679,679
136550,0,45,68,165,1,1,1,Radical resection of left tongue cancer + neck dissection + tracheostomy + transfer of a flap from the medial side of the lower leg + mandibular split + internal fixation with titanium plates and screws,3,2,0,Tongue,Leg,1,1,0,0,0,0,0,0,0,Not recurred,1064
136833,0,52,59,164,0,1,1,Radical Surgery for Left Tongue Cancer + Repair with Left Anterolateral Thigh Flap + Tracheostomy,3,2,0,Tongue,Thigh,1,1,0,0,0,0,/,1,0,Not recurred,1237
136861,1,52,48,155,0,0,0,"Extended Left Tongue Cancer Resection with Anterolateral Thigh Free Flap Transfer, Neck Lymph Node Dissection, and Tracheostomy",2,1,0,Tongue,Thigh,1,1,0,0,0,0,0,1,1,Not recurred,1237
138433,1,67,57.5,155,0,0,0,"The right maxillary gingiva, retromolar pad recurrent lesion extended resection + left neck lymph node dissection + free anterolateral thigh flap transfer repair + tracheostomy",2,1,0,Gingiva & Jaw,Thigh,1,1,0,0,0,0,0,0,0,1382,1382
138657,1,75,61.5,156,0,0,0,Radical left buccal cancer resection + left neck dissection + partial mandibulectomy + right fibula free flap transfer repair + abdominal skin grafting + tracheostomy,3,2,0,Gingiva & Jaw,Fibula,1,1,0,0,0,0,0,0,0,Not recurred,1493
138773,0,45,62.5,168,0,1,1,Radical Resection of Right Buccal Cancer + Neck Dissection + Transfer of Graft from the Medial Side of the Lower Leg + Tracheostomy,2,1,0,Buccal Mucosa,Leg,1,1,0,0,0,0,0,0,0,Not recurred,1174
139148,0,55,52,170,1,1,0,Extended Resection of Floor of Mouth + Neck Lymph Node Dissection + Fibula Flap Reconstruction + Tracheostomy,3,1,0,Floor of Mouth,Fibula,2,1,0,0,0,0,0,0,/,Not recurred,1831
139901,1,26,52,152,1,1,0,Radical resection of left tongue cancer + neck dissection + tracheostomy + transfer of medial leg flap for reconstruction + mandibular split + internal fixation with titanium plates and screws,2,1,0,Tongue,Leg,1,1,0,0,0,0,0,0,0,Not recurred,1134
140950,0,62,65,165,0,0,0,"The left mandibular bone partial resection + left lower gingiva and oral floor mass resection + left neck lymph node dissection + left submandibular gland and sublingual gland excision + dissection of the marginal branch of the left facial nerve + dissection of the external jugular vein + free vascularized fibula musculocutaneous flap transplantation for repair of the left mandibular defect, myofascial tissue flap shaping + adjacent flap repair of the right lower leg defect + mandibular reconstruction + intermaxillary fixation + vascular anastomosis + tracheostomy",1,1,0,Tongue,Fibula,1,1,0,0,0,1,0,0,0,685,685
141387,0,43,90,170,1,1,0,Radical Resection of Right Tongue Cancer + Tracheostomy + Neck Dissection + Transfer of a Pedicled Flap from the Medial Side of the Left Leg for Reconstruction,3,1,0,Tongue,Leg,2,1,0,0,0,0,0,0,0,Not recurred,1135
144507,0,55,58,168,0,0,0,Radical Resection of Left Lower Gingival Cancer + Left Neck Dissection + Right Free Fibula Graft Reconstruction + Tracheostomy,2,1,0,Gingiva & Jaw,Fibula,1,1,1,0,0,0,/,0,0,2094,2094
145182,0,40,69,172,0,1,0,Right Tongue Cancer Extended Resection + Neck Lymph Node Dissection + Anterolateral Thigh Flap Reconstruction + Tracheostomy,2,1,0,Tongue,Thigh,1,1,0,0,0,0,0,0,0,Not recurred,1637
146039,0,50,45.5,170,0,0,0,Radical Resection of Malignant Tumor on the Left Tongue + Neck Dissection + Tracheostomy + Transfer of a Pedicled Flap from the Inner Side of the Calf,3,2,0,Tongue,Thigh,2,0,0,0,0,0,0,0,0,Not recurred,1192
146311,0,50,78,178,0,0,1,Right cheek mass excision + right mandibular resection + fibula flap transfer repair + tracheotomy,2,2,0,Gingiva & Jaw,Fibula,0,1,0,0,0,0,0,1,0,279,279
146534,1,75,35,138,0,0,0,Extended Resection of Right Tongue Cancer + Neck Lymph Node Dissection + Anterolateral Thigh Flap + Tracheostomy,2,1,0,Tongue,Thigh,1,1,0,1,0,0,0,0,0,Not recurred,1523
147513,0,54,92,180,0,0,0,"Right sublingual mass excision with right submandibular gland excision, patch repair, right buccal lesion excision, and extraction of tooth 45",2,0,0,Tongue,Other,0,0,0,0,0,0,/,0,0,109,109
147749,0,80,69,/,0,0,0,Radical right tongue cancer surgery + right neck lymph node dissection + left forearm flap transplantation repair + tracheostomy,2,1,0,Tongue,Arm,1,1,0,0,0,0,0,0,0,Not recurred,1711
148779,1,80,58,162,0,0,0,Right Tongue Cancer Extended Resection + Right Neck Lymph Node Dissection + Mesh Repair,4,1,0,Tongue,No Flap,1,0,0,0,1,0,0,0,0,Not recurred,1174
149195,1,59,64,163,0,0,0,"The left tongue, floor of mouth malignant tumor extended resection + left neck dissection + excision of left submandibular gland and sublingual gland + ligation and resection of the lower pole of the left parotid gland + tracheostomy + free transfer of the left anterolateral thigh flap for reconstruction",3,2,0,Tongue,Thigh,1,1,0,0,0,1,0,0,0,Not recurred,1169
149416,0,56,66,172,0,1,0,Right tongue cancer radical surgery + right neck dissection + left anterolateral thigh flap repair + tracheostomy,3,1,0,Tongue,Thigh,1,1,1,0,0,0,0,0,0,Not recurred,1296
149492,1,52,44,150,0,0,0,"Extended radical resection of squamous cell carcinoma of the right lower lip with bilateral neck lymph node dissection, adjacent mandibular flap transfer repair, and tongue flap transfer repair of the red lip tissue",2,0,0,Tongue,Other,2,0,0,0,1,0,0,0,0,611,611
149748,0,47,79,170,0,1,0,Extended Resection of Tumor in Left Maxilla and Zygomatic Bone with Temporal Muscle Flap Repair for Defect in Left Maxillary Region,2,0,0,Gingiva & Jaw,Other,0,0,0,0,0,0,/,0,0,498,498
150251,0,55,64,172,1,1,0,Extended Resection of Malignant Tumor on the Right Tongue + Right Neck Dissection + Tracheostomy + Free Lateral Femoral Cutaneous Flap Transfer Repair,3,2,0,Tongue,Thigh,1,1,1,0,0,0,0,0,0,Not recurred,1122
152767,0,54,65,159,0,1,0,Extended Resection of Malignant Tumor on the Left Tongue + Left Neck Dissection + Free Transfer of the Left Anterolateral Thigh Flap for Reconstruction + Tracheostomy,2,1,0,Tongue,Thigh,1,1,0,0,0,0,0,0,0,Not recurred,1059
153463,1,46,53.5,163,0,0,0,The left tongue malignant tumor extended resection + left neck lymph node dissection + free right anterolateral thigh flap repair + midline mandibular osteotomy with titanium plate and screw internal fixation,2,1,0,Tongue,Thigh,1,0,0,0,0,0,/,0,0,Not recurred,2231
153467,1,54,50,150,0,0,0,"Right maxillectomy + right neck dissection + right fibula free flap transfer and reconstruction + titanium scaffold reconstruction + tracheotomy
Exploration for postoperative bleeding after bilateral maxillectomy",3,1,0,Gingiva & Jaw,Fibula,1,1,0,0,1,1,0,0,0,Not recurred,1184
154063,0,74,78,168,0,0,0,Radical Left Buccal Cancer Resection + Left Neck Dissection + Free Transfer of the Left Anterolateral Thigh Flap for Reconstruction + Tracheostomy,3,2,0,Buccal Mucosa,Thigh,1,1,0,0,0,1,0,0,0,Not recurred,1217
154100,0,82,64,166,1,1,0,Left cheek mass excision + left neck dissection + partial left mandibulectomy + tracheostomy,2,2,0,Gingiva & Jaw,No Flap,1,0,0,0,1,0,/,/,/,Not recurred,1333
154665,0,35,57.5,170,1,1,1,Right tongue cancer extended resection + right neck lymph node dissection + mandibular split + absorbable plate and screw internal fixation + left anterior lateral thigh flap transfer repair + tracheostomy,2,1,0,Tongue,Thigh,1,1,0,0,0,0,0,0,0,152,152
155209,0,48,48,168,0,1,0,Extended Resection of Floor of Mouth + Neck Lymph Node Dissection + Fibula Flap Reconstruction + Tracheostomy,1,2,0,Floor of Mouth,Fibula,2,1,0,0,0,0,0,0,0,109,109
155573,0,70,52,163,0,1,0,The right malignant tumor extended resection + right neck lymph node dissection + left anterior lateral thigh flap repair + preoperative incision,2,1,0,Other,Thigh,1,1,1,0,0,0,/,1,1,Not recurred,1053
155610,1,56,70,165,0,0,0,Extended left tongue cancer resection + left neck lymph node dissection + right anterior lateral thigh flap repair + tracheostomy,1,1,0,Tongue,Thigh,1,1,0,0,0,0,/,0,0,Not recurred,1360
156048,0,64,46,163,0,0,0,Radical surgery for left tongue cancer + repair with a flap from the medial aspect of the left lower leg + tracheostomy,2,1,0,Tongue,Leg,1,1,0,0,0,0,/,0,0,Not recurred,1825
156674,0,67,71,160,0,0,0,Radical Resection of Right Tongue Cancer + Neck Lymph Node Dissection + Free Anterolateral Thigh Flap Reconstruction + Tracheostomy,2,2,0,Tongue,Thigh,1,1,1,0,0,0,0,0,0,Not recurred,1309
156814,1,71,63,158,0,0,0,Radical Resection of Malignant Tumor at Left Tongue Base + Neck Dissection + Mandibular Splitting + Titanium Plate and Screw Internal Fixation + Transfer of Graft from Inner Side of Left Calf + Tracheostomy,3,2,0,Tongue,Leg,1,1,0,0,0,0,0,1,0,Not recurred,1188
158359,1,51,53,154,0,0,0,Extended left tongue cancer resection + left neck lymph node dissection + left extended supraclavicular flap repair,2,1,0,Tongue,Other,1,0,0,0,0,0,/,0,0,Not recurred,1513
158685,0,35,58,175,0,0,0,Radical Resection of Right Tongue Cancer + Left Anterolateral Thigh Flap Transfer Repair + Tracheostomy,3,2,0,Tongue,Thigh,2,1,0,0,0,0,0,1,1,Not recurred,1771
158720,0,/,/,/,0,0,0,/,0,0,0,Other,Other,0,0,0,0,0,0,0,0,0,Not recurred,1130
158726,1,54,53,162,0,0,0,Radical Right Tongue Cancer Surgery + Left Calf Medial Flap Reconstruction + Tracheostomy,2,1,0,Tongue,Leg,1,1,0,0,0,0,/,0,0,Not recurred,1769
160864,1,57,70,163,0,0,0,Radical Resection of Malignant Tumor on the Left Tongue + Left Neck Dissection + Reconstruction with Left Anterolateral Thigh Flap + Tracheostomy,3,1,0,Tongue,Thigh,1,1,1,0,0,1,0,0,0,Not recurred,1214
161353,1,65,71,168,0,0,0,Left maxillary tumor extended resection + left neck dissection + free right anterolateral thigh flap transfer repair + tracheostomy,2,1,0,Gingiva & Jaw,Thigh,1,1,0,0,0,1,0,0,0,Not recurred,1331
161942,0,67,70,170,1,1,0,"Radical Resection of Malignant Tumor in the Left Neck, Retropharyngeal Space, Skull Base, and Parotid Gland with Neck Dissection",3,1,0,Oropharynx & Palate,No Flap,1,0,0,0,0,1,0,/,/,Not recurred,1123
163225,0,53,65,/,0,1,0,Radical Surgery for Left Tongue Cancer + Repair with Left Posterior Tibial Artery Flap + Tracheostomy,3,2,0,Tongue,Leg,1,1,0,0,0,0,0,0,0,Not recurred,1876
163478,1,60,55,145,0,0,0,Extended Resection of Left Maxillary Gingival Cancer with Left Anterolateral Thigh Flap Reconstruction,2,1,0,Gingiva & Jaw,Thigh,1,1,0,0,0,0,0,/,/,Not recurred,1865
163742,0,59,46,170,1,1,0,The extensive resection of bilateral oral floor malignant tumor + bilateral neck lymph node dissection + free vascularized left fibula flap transplantation for reconstruction + tracheostomy,2,1,0,Other,Fibula,2,1,0,1,0,0,0,0,0,Not recurred,1438
163809,0,77,60,160,0,0,0,The left maxillary gingival malignant tumor extended resection + left maxillectomy + mandibular split + left neck lymph node dissection + submental flap transfer repair + absorbable plate and screw internal fixation + titanium mesh orbital floor reconstruction + tracheotomy,2,1,0,Gingiva & Jaw,Other,1,1,0,0,0,0,0,0,0,207,207
164000,0,68,45,137,0,1,0,Radical Resection of Right Lower Buccal Mucosa Cancer + Right Neck Dissection + Tracheostomy + Free Anterolateral Thigh Flap Transfer Repair,2,1,0,Buccal Mucosa,Thigh,1,1,0,0,0,0,0,0,0,Not recurred,1209
164699,0,54,68,173,0,0,0,Radical resection of right tongue cancer + right neck lymph node dissection + free vascularized left forearm flap transfer for reconstruction + tracheotomy,0,1,0,Tongue,Arm,1,1,1,0,0,0,0,0,0,387,387
165346,0,43,75,170,0,0,0,Radical Resection of Malignant Tumor on the Right Tongue + Neck Dissection + Tracheostomy + Transfer of a Graft from the Medial Side of the Calf + Osteotomy of the Mandible + Internal Fixation with Titanium Plates and Screws,2,0,0,Tongue,Leg,1,1,0,0,0,0,0,0,0,Not recurred,1078
165893,0,50,65,172,0,0,1,Radical Left Buccal Cancer Surgery + Left Neck Dissection + Left Forearm Flap Reconstruction,2,1,0,Buccal Mucosa,Arm,1,1,1,0,0,1,0,0,0,Not recurred,1123
167855,1,63,56,154,0,1,0,The left tongue cancer extended resection + left neck lymph node dissection + right anterolateral thigh flap repair + midline mandibular osteotomy with titanium plate and screw internal fixation + tracheostomy,2,2,0,Tongue,Thigh,1,1,0,1,0,1,/,0,0,Not recurred,1353
168495,1,35,56,160,0,0,0,Radical Surgery for Cancer of the Right Tongue Floor and Oral Floor + Left Lower Leg Medial Flap Transfer Repair + Tracheostomy,2,1,0,Tongue,Leg,1,1,0,0,0,0,0,1,0,Not recurred,1545
169821,0,39,54,170,0,0,0,Right Tongue Cancer Extended Resection + Neck Lymph Node Dissection + Anterolateral Thigh Flap Reconstruction + Tracheostomy,2,1,0,Tongue,Thigh,1,1,0,0,0,0,0,0,0,Not recurred,1339
171499,0,65,50,158,0,0,1,Radical Resection of Malignant Tumor in the Left Tongue and Oropharynx + Neck Dissection + Anterolateral Thigh Flap Transfer Repair + Tracheostomy,2,1,0,Tongue,Thigh,1,1,0,0,0,0,0,0,0,78,78
171751,1,64,52,156,0,0,0,Radical Surgery for Left Buccal Cancer + Reconstruction with Left Medial Calf Flap + Tracheostomy,3,2,0,Buccal Mucosa,Leg,1,1,0,0,0,0,/,0,0,Not recurred,1979
171820,0,34,45,166,0,1,0,Radical Resection of the Entire Tongue + Bilateral Neck Lymph Node Dissection + Left Lateral Thigh Skin Flap Transfer Repair + Tracheostomy,2,1,0,Tongue,Thigh,2,1,0,0,0,0,0,0,0,Not recurred,1680
173722,1,39,58,160,0,0,0,Extended excision of malignant tumor on the right tongue + neck dissection + mandibular split + transfer of a flap from the medial side of the left lower leg + tracheostomy,2,1,0,Tongue,Leg,1,1,0,0,0,0,0,/,/,Not recurred,1374
174646,0,54,62,170,1,1,0,Radical surgery for bilateral floor of mouth cancer + bilateral partial mandibulectomy + left lower leg medial flap reconstruction + tracheostomy,4,2,0,Gingiva & Jaw,Leg,1,1,0,0,0,1,/,0,0,Not recurred,1245
174672,0,68,55,154,1,1,0,Radical right tongue cancer surgery + right neck dissection + anterolateral thigh flap reconstruction + tracheostomy,2,1,0,Tongue,Thigh,1,1,0,0,0,0,0,0,0,Not recurred,1495
176428,0,56,44,162,1,1,0,Right tongue cancer extended resection + bilateral neck dissection + mandibular split + absorbable plate and screw internal fixation + submental flap transfer repair + tracheostomy,2,3,0,Tongue,Other,2,1,0,0,0,0,0,0,0,297,297
177654,1,28,68,160,0,0,0,Radical Resection of Left Tongue Cancer + Neck Dissection + Tracheostomy + Transfer of a Pedicled Flap from the Inner Side of the Left Lower Leg,2,1,0,Tongue,Leg,1,1,0,0,0,0,0,0,0,Not recurred,1177
178763,0,57,60,170,0,0,0,The right pharyngeal cancer extended resection + right neck lymph node dissection + right fibula flap reconstruction + tracheostomy,3,2,0,Oropharynx & Palate,Fibula,1,1,0,0,0,0,0,0,0,Not recurred,1331
183225,0,68,50,170,0,0,0,Right tongue and floor of mouth recurrent lesion extended resection + left anterolateral thigh flap repair + tracheostomy,3,2,0,Tongue,Thigh,1,1,0,0,0,0,/,1,1,246,246
183311,0,65,67.5,160,0,0,0,Radical resection of right tongue cancer + neck dissection + tracheostomy + transfer of medial leg flap for reconstruction + mandibular split + internal fixation with titanium plates and screws,3,2,0,Tongue,Leg,1,1,0,0,0,0,0,0,0,Not recurred,1118
186549,0,59,53,161,0,1,0,Right mandibular bone resection + right submandibular gland excision + right inferior pole of parotid gland resection with ligation + free left fibula musculocutaneous flap transfer repair + tracheostomy,3,2,0,Gingiva & Jaw,Fibula,1,1,0,0,0,1,0,0,0,Not recurred,1082
186948,0,68,53,168,1,1,0,Radical Surgery for Left Buccal Cancer + Transfer and Repair with Left Lower Leg Medial Flap + Tracheostomy,3,2,0,Buccal Mucosa,Leg,1,1,0,0,0,0,/,0,0,Not recurred,1809
188310,0,67,68.5,170,0,1,0,Extended Resection of Malignant Tumor of the Left Buccal Mucosa + Left Neck Lymph Node Dissection + Right Anterolateral Thigh Flap Reconstruction + Tracheostomy,2,3,0,Buccal Mucosa,Thigh,1,1,0,0,0,0,/,0,0,Not recurred,2066
189077,0,27,87,178,0,1,0,Radical Resection of Tongue Cancer Lesion,2,1,0,Tongue,No Flap,0,0,0,0,0,0,0,0,0,Not recurred,1355
190808,0,68,73,160,0,0,0,Radical Left Tongue Cancer Resection + Transfer of a Pedicled Flap from the Inner Side of the Left Leg + Tracheostomy,2,1,0,Tongue,Leg,1,1,1,0,0,0,0,0,0,Not recurred,1137
191072,0,59,60,160,0,0,0,The radical resection of the entire tongue + bilateral neck lymph node dissection + tracheotomy + transfer of the left anterior lateral thigh flap for reconstruction + mandibular splitting + internal fixation with titanium plates and screws,2,1,0,Tongue,Thigh,2,1,0,0,0,0,0,0,0,Not recurred,1065
192800,0,62,50,171,1,1,0,"Extended resection of bilateral floor of mouth cancer with neck lymph node dissection, fibula flap reconstruction, and tracheostomy",2,1,0,Floor of Mouth,Fibula,2,1,0,0,0,0,0,/,/,Not recurred,1534
192879,1,77,44,147,0,0,0,Extended Resection of Malignant Tumor in Right Mandible + Partial Resection of Mandible + Free Flap Transfer from Left Fibula for Reconstruction + Tracheostomy,3,3,0,Gingiva & Jaw,Fibula,1,1,0,0,0,0,0,0,0,Not recurred,1192
192985,0,66,53,176,0,0,0,The left floor of mouth cancer radical resection + partial mandibulectomy + left neck dissection + free left fibula flap transfer repair + abdominal skin graft + tracheostomy,3,2,0,Gingiva & Jaw,Fibula,1,1,0,0,0,0,0,0,1,Not recurred,1230
193957,0,68,73,175,1,1,0,Extended left tongue cancer resection + neck lymph node dissection + mandibular split + forearm flap transfer repair + abdominal skin graft + tracheostomy,3,2,0,Tongue,Arm,1,1,1,0,0,1,0,/,/,Not recurred,1451
194385,0,57,81,175,1,1,0,Right Tongue Floor Mass Excision + Right Neck Dissection + Free Left Anterolateral Thigh Flap Transfer Repair + Tracheostomy,2,1,0,Tongue,Thigh,1,1,1,0,0,0,0,0,0,Not recurred,1237
194467,1,57,50,153,0,0,0,The right tongue malignant tumor extended resection + right neck lymph node dissection + left anterior lateral thigh flap transfer repair + vascular anastomosis + midline splitting of the mandible + tracheotomy,2,1,0,Tongue,Thigh,1,1,0,0,0,1,0,0,0,Not recurred,1521
195800,0,71,55,168,1,1,0,The right pharyngeal cancer extended resection + midline mandibular split + neck lymph node dissection + anterolateral thigh flap transfer repair + preoperative tracheotomy,3,2,0,Gingiva & Jaw,Thigh,1,1,1,0,0,1,0,/,/,Not recurred,1538
195827,0,43,65,173,1,1,0,Right tongue cancer recurrent lesion extended resection + right mandibular partial resection + neck lymph node dissection + fibula flap repair + tracheostomy,0,1,0,Tongue,Fibula,1,1,0,0,0,0,0,0,0,5,5
195899,0,77,65,170,0,0,0,"The excision of a large malignant tumor in the right lower jaw and neck, neck lymph node dissection, pectoralis major myocutaneous flap repair, and tracheostomy",3,2,0,Gingiva & Jaw,Other,1,1,1,0,0,1,0,0,0,13,13
196075,0,58,69,168,1,1,0,Radical Right Tongue Cancer Surgery + Bilateral Neck Dissection + Free Anterolateral Thigh Flap Transfer Repair + Tracheostomy,3,2,0,Tongue,Thigh,2,1,0,0,0,1,0,0,0,Not recurred,1272
197133,1,29,41.5,151,0,0,0,Right Tongue Cancer Extended Resection + Neck Lymph Node Dissection + Anterolateral Thigh Flap Reconstruction,2,1,0,Tongue,Thigh,1,0,0,0,0,0,0,0,0,Not recurred,1510
197678,0,41,66,159,1,1,1,The radical resection of left tongue base cancer + neck dissection + transfer of medial leg flap for reconstruction + tracheotomy + abdominal skin debridement,2,1,0,Tongue,Leg,1,1,0,0,0,0,0,0,0,Not recurred,1138
198314,1,56,41,160,0,0,0,Radical Total Glossectomy + Left Anterolateral Thigh Free Flap Reconstruction + Tracheostomy,3,2,0,Tongue,Thigh,1,1,0,0,0,0,0,0,0,Not recurred,1715
198591,0,68,68,170,1,1,0,Excision of left oral floor mass + free anterolateral thigh flap transplantation + tracheostomy + neck lymph node dissection,3,2,0,Other,Arm,1,1,1,0,0,1,0,0,0,Not recurred,1299
199626,0,57,60,170,0,0,0,Radical excision of malignant tumor in the right floor of mouth + partial excision of alveolar bone + neck dissection + transfer of a flap from the medial aspect of the left leg + mandibular split + tracheostomy,3,2,0,Gingiva & Jaw,Leg,2,1,1,0,0,0,/,0,0,Not recurred,1286
199711,0,36,98,173,0,1,1,Radical resection of right tongue cancer + neck dissection + transfer and repair using a flap from the medial aspect of the left lower leg + mandibular split surgery + internal fixation with titanium plates and screws + tracheostomy,3,2,0,Tongue,Leg,1,1,0,0,0,0,0,/,/,Not recurred,1160
199730,1,60,54,158,0,0,0,Total Glossectomy + Bilateral Neck Dissection + Midline Mandibular Osteotomy + Titanium Plate and Screw Internal Fixation + Free Anterolateral Thigh Flap Transfer Repair + Tracheostomy,2,1,0,Tongue,Thigh,2,1,0,0,0,1,0,0,0,199,199
200348,0,62,64.5,170,0,0,0,Radical Resection of Malignant Tumors in Both Buccal Floors + Neck Dissection + Partial Mandibulectomy + Fibula Free Flap Transfer Repair + Tracheostomy,2,1,0,Gingiva & Jaw,Fibula,2,1,0,0,0,1,0,/,/,Not recurred,1325
200492,1,27,63,159,0,0,0,Extended left tongue cancer resection + neck lymph node dissection + anterolateral thigh flap reconstruction + tracheostomy,2,1,0,Tongue,Thigh,1,1,0,0,0,0,0,0,1,169,169
201268,1,44,54,157,0,0,1,Extended excision of left buccal cancer + neck lymph node dissection + composite repair using left fibula flap and right anterolateral thigh flap + tracheostomy,3,3,0,Buccal Mucosa,Thigh+Fibula,1,1,0,0,0,0,0,0,/,Not recurred,1920
201651,0,63,64,162,0,0,0,Radical Resection of Left Buccal Cancer + Left Neck Lymph Node Dissection + Tracheostomy + Transfer of a Pedicled Flap from the Medial Side of the Left Leg,4,2,0,Buccal Mucosa,Leg,1,1,1,0,1,0,0,0,0,Not recurred,1053
204043,1,58,64,164,0,0,0,Radical Resection of Right Buccal and Right Lower Gingival Cancer + Right Neck Dissection + Fibula Flap Reconstruction + Tracheostomy,1,2,0,Gingiva & Jaw,Fibula,1,1,0,0,0,0,0,0,0,Not recurred,1332
204444,0,62,72,170,0,1,0,Radical surgery for right tongue floor cancer + transfer of a flap from the medial side of the left leg for reconstruction + tracheostomy,3,2,0,Tongue,Leg,2,1,0,0,0,0,/,0,0,Not recurred,1626
205553,0,51,64,170,0,1,0,Radical surgery for malignant tumor in the right submandibular region + partial mandibulectomy + bilateral neck dissection + left fibula flap repair + vascular anastomosis + titanium plate and screw internal fixation + tracheostomy,2,3,0,Gingiva & Jaw,Fibula,2,1,0,0,0,0,0,0,0,179,179
205725,1,70,46.5,144,0,0,0,Extended Resection of Right Buccal Cancer + Partial Resection of Right Mandible + Neck Lymph Node Dissection + Anterolateral Thigh Flap Reconstruction + Tracheostomy,3,2,0,Gingiva & Jaw,Thigh,1,1,0,0,0,0,/,0,0,90,90
207586,0,/,/,/,0,0,0,/,0,0,0,Other,Other,0,0,0,0,0,0,0,0,0,Not recurred,1130
207660,1,49,53.5,153,0,0,0,Right tongue squamous cell carcinoma extended resection + right neck lymph node dissection + anterolateral thigh flap reconstruction,2,1,0,Tongue,Thigh,1,1,1,0,0,0,0,0,0,Not recurred,1737
208159,0,44,55,168,0,0,0,Radical excision of the mass on the left tongue + neck dissection + mandibular split + titanium plate and screw internal fixation + tracheostomy + transfer of a flap from the medial aspect of the lower leg,2,1,0,Tongue,Leg,1,1,0,0,0,0,0,0,0,Not recurred,1145
209039,0,84,67,160,0,0,0,Radical Resection of Left Cheek Lesion + Left Neck Lymph Node Dissection + Right Fibular Free Flap Reconstruction + Tracheostomy,0,1,0,Buccal Mucosa,Fibula,1,1,0,0,0,0,0,/,/,Not recurred,1170
211485,0,64,58,168,0,1,0,Extended excision of left buccal cancer + functional neck lymph node dissection + anterolateral thigh flap reconstruction + tracheostomy,3,2,0,Buccal Mucosa,Thigh,1,1,1,0,0,1,0,0,0,Not recurred,1145
211803,0,63,59,176,0,1,0,Radical surgery for left buccal squamous cell carcinoma + bilateral neck dissection + anterolateral thigh flap reconstruction + tracheostomy,3,2,0,Buccal Mucosa,Thigh,2,1,0,0,0,1,0,0,0,Not recurred,1477
213072,0,68,50,162,0,0,0,Extended radical resection of left lower gingival oropharyngeal cancer + left fibula fasciocutaneous flap transfer repair + tracheostomy,3,2,0,Gingiva & Jaw,Fibula,1,1,0,0,0,0,/,/,/,Not recurred,1545
213295,1,53,55,154,0,0,0,Extended Resection of Malignant Tumor on Left Tongue + Neck Lymph Node Dissection + Transfer of Flap from Inner Side of Left Calf + Tracheostomy,3,2,0,Tongue,Leg,1,1,0,0,0,1,0,0,0,Not recurred,1331
213531,0,64,57.5,170,0,1,0,"The right parotid gland, skull base, and buccal malignant tumor radical resection + submandibular neck lymph node dissection + left anterolateral thigh flap free transfer repair + tracheostomy",2,1,0,Gingiva & Jaw,Thigh,1,1,1,0,1,0,/,0,0,113,113
213899,0,54,79,169,0,1,0,Radical Resection of Malignant Tumor on the Right Tongue + Right Neck Dissection + Free Transfer of Left Anterolateral Thigh Flap for Reconstruction + Tracheostomy,2,1,0,Tongue,Thigh,1,1,0,0,0,0,0,0,0,Not recurred,1313
214191,1,83,65,152,0,0,0,Radical resection of left lower gingival cancer + right fibula fascia flap repair + bilateral neck dissection + titanium stent implantation + titanium plate and screw internal fixation + vascular anastomosis + tracheostomy,2,2,0,Gingiva & Jaw,Fibula,2,1,0,0,0,1,0,0,0,97,97
214410,0,58,76.5,173,0,1,0,"Radical Resection of Malignant Tumor in Bilateral Floor of Mouth with Neck Lymph Node Dissection, Left Fibula Myocutaneous Flap Transfer Repair, and Tracheostomy",2,1,0,Floor of Mouth,Fibula,2,1,0,0,0,0,0,0,0,Not recurred,1165
214738,0,73,62,170,0,1,0,Radical Resection of Malignant Tumor on Left Tongue + Left Neck Dissection + Free Transfer of Left Anterolateral Thigh Flap for Reconstruction + Tracheostomy,3,2,0,Tongue,Thigh,1,1,0,0,1,1,0,0,0,Not recurred,1314
215729,1,43,64,160,0,0,0,Extended Resection of Left Tongue Cancer + Neck Lymph Node Dissection + Anterolateral Thigh Flap Reconstruction,2,1,0,Tongue,Thigh,1,1,0,0,0,0,0,0,0,Not recurred,1293
216116,1,76,71,152,0,0,0,Radical Resection of Right Lower Gingival Cancer with Neck Dissection and Left Fibula Flap Reconstruction,3,2,0,Gingiva & Jaw,Fibula,1,1,0,0,0,1,/,0,0,Not recurred,2088
217298,0,60,55,165,0,1,0,Radical Tongue Cancer Resection + Left Anterolateral Thigh Flap Transfer Repair + Tracheostomy,3,2,0,Tongue,Thigh,2,1,0,0,0,0,0,/,/,Not recurred,1564
217940,0,58,53,167,0,0,0,Extended Resection of Bilateral Maxillary Gingival Cancer + Left Neck Lymph Node Dissection + Left Lower Leg Inner Flap Reconstruction + Tracheostomy,2,1,0,Gingiva & Jaw,Leg,1,1,0,0,0,0,0,1,1,Not recurred,1163
218080,0,81,70,168,0,0,0,Right tongue cancer radical surgery + right neck lymph node dissection + left anterior lateral thigh free flap repair + tracheostomy,3,2,0,Tongue,Thigh,1,1,0,1,0,1,0,0,0,Not recurred,1762
218229,1,61,62,154,0,0,0,Radical surgery for left tongue cancer + left neck dissection + free transfer of the left anterior lateral thigh flap for reconstruction + tracheostomy,3,2,0,Tongue,Thigh,1,1,1,0,0,0,0,/,/,Not recurred,1282
219011,0,27,80,180,0,0,0,The left tongue cancer radical resection + intraoperative frozen section + bilateral neck lymph node dissection + mandibular split + left anterolateral thigh flap repair + vascular anastomosis + absorbable plate and screw internal fixation + tracheostomy,2,2,0,Tongue,Thigh,2,1,0,0,0,0,0,0,0,192,192
220492,1,64,60,159,0,0,0,The left maxillary gingival cancer extended resection + neck lymph node dissection + transfer of a flap from the medial aspect of the left lower leg for reconstruction + skin grafting from the abdomen + tracheostomy,2,1,0,Gingiva & Jaw,Leg,1,1,0,0,0,0,0,0,0,224,224
220805,0,53,62.5,169,1,0,0,Radical resection of left tongue cancer + neck dissection + tracheostomy + transfer of a flap from the medial aspect of the left lower leg for reconstruction + mandibular split + internal fixation with titanium plates and screws,2,1,0,Tongue,Leg,1,1,0,0,0,1,0,0,0,Not recurred,1124
223896,0,68,60.5,168,0,0,0,Left cheek malignant tumor resection + neck lymph node dissection + tracheostomy + right anterior lateral thigh free flap transplantation + right internal jugular vein venous port implantation,2,2,0,Buccal Mucosa,Thigh,1,1,0,0,0,0,/,0,1,Not recurred,952
225654,0,43,67.5,170,0,1,0,Radical Resection of Left Tongue Cancer + Neck Dissection + Transfer of Medial Calf Flap for Reconstruction + Tracheostomy,2,1,0,Tongue,Leg,1,1,0,0,0,0,0,0,0,Not recurred,1081
226192,0,44,74,166,1,1,1,The left cheek malignant tumor extended resection + bilateral neck dissection + partial mandibulectomy + left lower leg medial flap transfer repair + abdominal skin graft + tracheostomy,2,1,0,Gingiva & Jaw,Leg,2,1,0,0,0,0,0,0,0,331,331
226381,0,47,62,158,0,0,0,Radical Surgery for Left Tongue Cancer + Repair with Left Lower Leg Medial Flap + Tracheostomy,2,1,0,Tongue,Leg,1,1,0,0,0,0,/,/,/,Not recurred,2033
226470,0,51,55,170,0,1,0,Radical Resection of Right Tongue Cancer + Free Anterolateral Thigh Flap Transfer for Reconstruction + Tracheostomy,2,1,0,Tongue,Thigh,1,1,0,0,0,0,0,0,0,Not recurred,1877
227806,1,59,50,153,0,0,0,Extended Resection of the Whole Tongue + Bilateral Neck Dissection + Anterolateral Thigh Flap Reconstruction + Tracheostomy,1,1,0,Tongue,Thigh,2,1,0,0,0,0,0,0,0,Not recurred,1643
228600,0,36,77.5,173,0,1,1,Extended tongue cancer resection + bilateral neck dissection + mandibular split + left thoracodorsal artery flap repair + vascular anastomosis + titanium plate and screw internal fixation + tracheostomy,3,2,0,Tongue,Other,2,1,0,0,0,0,0,0,1,70,70
229053,0,54,65,165,0,0,0,Extended excision of malignant tumor in the left gingivobuccal region + free transplantation of vascularized anterolateral thigh myocutaneous flap for reconstruction + tracheostomy after surgery,2,1,0,Buccal Mucosa,Thigh,1,1,0,0,0,0,0,0,0,Not recurred,1151
229359,0,49,57.5,165,1,1,0,Radical left oropharyngeal cancer resection + mandibular split + left neck lymph node dissection + submandibular flap transfer repair + absorbable plate and screw internal fixation + tracheotomy,2,0,0,Gingiva & Jaw,Other,2,1,0,1,0,0,0,0,0,240,240
229400,0,58,60,158,1,1,0,Right tongue cancer radical surgery + right neck dissection + left anterior lateral thigh flap repair + tracheostomy,2,1,0,Tongue,Thigh,1,1,0,0,0,1,0,0,0,Not recurred,1166
229402,0,52,71,170,1,1,0,Radical Surgery for Left Tongue Floor Cancer + Transfer of Left Lower Leg Medial Flap for Reconstruction + Tracheotomy,3,2,0,Tongue,Leg,1,1,0,0,0,0,0,/,/,Not recurred,1962
230831,0,42,49.5,167,0,0,0,Radical Surgery for Left Tongue Cancer + Transfer of Left Anterolateral Thigh Flap for Reconstruction + Tracheostomy,3,2,0,Tongue,Thigh,2,1,0,0,0,0,0,/,/,Not recurred,1578
230853,1,49,41,156,0,0,0,Radical Surgery for Recurrent Left Buccal Cancer + Pectoralis Major Myocutaneous Flap Transfer Repair + Tracheostomy,3,2,0,Buccal Mucosa,Other,0,1,0,0,0,0,/,1,0,200,200
231169,0,65,61,165,0,1,0,Radical resection of left tongue cancer + left neck lymph node dissection + tracheostomy + transfer of a flap from the medial aspect of the left lower leg for reconstruction + mandibular split + internal fixation with titanium plates and screws,2,1,0,Tongue,Leg,1,1,0,0,0,0,/,0,0,Not recurred,1032
231556,0,65,45,160,0,0,0,Right Tongue Cancer Extended Resection + Neck Lymph Node Dissection + Anterolateral Thigh Flap Reconstruction + Preoperative Tracheostomy,2,2,0,Tongue,Thigh,1,1,0,0,0,1,/,0,0,Not recurred,1159
231796,1,66,49,149,0,0,0,"Radical Tongue Cancer Resection with Bilateral Neck Lymph Node Dissection, Left Anterolateral Thigh Flap Reconstruction, and Tracheostomy",3,2,1,Tongue,Thigh,2,1,0,0,0,0,0,0,0,Not recurred,1647
232473,0,51,67,161,0,0,0,The right tongue cancer extended resection + right neck lymph node dissection + tracheostomy + free lateral anterior thigh flap free transfer,2,1,0,Tongue,Thigh,1,1,0,0,0,0,0,0,0,Not recurred,1102
233641,0,72,63,167,0,0,0,"Extended excision of malignant tumor on the left cheek + partial resection of the left mandible + bilateral neck dissection + removal of bilateral submandibular glands + excision of the lower poles of both parotid glands with ligation + mandibular reconstruction with titanium mesh + tracheostomy + free right fibula myocutaneous flap transfer for repair + skin graft from the abdomen to repair the right lower leg surgical site + extraction of teeth #13, 14, 23, 24",3,2,0,Gingiva & Jaw,Fibula,2,1,1,0,0,1,0,0,1,Not recurred,1117
233935,0,74,59,168,1,1,0,Left mandibular tumor lesion extended resection + segmental mandibulectomy + right fibula myocutaneous flap transplantation repair,1,1,0,Gingiva & Jaw,Fibula,0,1,0,1,0,0,/,0,0,Not recurred,1169
236024,0,55,85,173,1,0,0,Radical Resection of Right Tongue Cancer + Transfer of Left Lower Leg Medial Flap for Reconstruction + Tracheostomy,2,1,0,Tongue,Leg,1,1,0,0,0,1,0,0,0,Not recurred,1608
237698,1,83,42,164,0,0,0,Left maxillary cancer extended radical resection + left radical neck lymph node dissection + partial left mandibulectomy + titanium stent implantation + transfer of a flap from the medial aspect of the left lower leg + tracheostomy,3,2,0,Gingiva & Jaw,Leg,1,1,0,0,1,0,/,0,0,187,187
240810,0,39,61.5,175,0,1,0,Right tongue cancer radical surgery + right neck lymph node dissection + left anterior lateral thigh free flap repair + tracheostomy,2,1,0,Tongue,Thigh,1,1,0,0,0,0,/,0,0,Not recurred,1513
241689,0,63,59,160,0,0,0,The left zygomatic and buccal malignant tumor extended resection + left neck lymph node dissection + free vascularized anterolateral thigh flap repair,2,1,0,Buccal Mucosa,Thigh,1,0,1,0,0,1,0,0,0,Not recurred,1440
243649,0,56,52,160,0,0,0,Extensive resection of the entire tongue and oropharyngeal massive malignant tumor + resection of the malignant tumor on the right neck + block resection of the right mandible + bilateral neck lymph node dissection + repair with left anterolateral thigh flap + vascular anastomosis + internal fixation with titanium plate and screws + titanium stent implantation + tracheotomy,3,2,0,Tongue,Thigh,2,1,0,0,0,0,0,0,0,230,230
244174,1,53,61.5,167,0,1,0,Radical Resection of Left Tongue Cancer + Left Neck Dissection + Free Transfer of Left Anterolateral Thigh Flap for Reconstruction,2,1,0,Tongue,Thigh,1,0,0,0,0,1,0,0,0,Not recurred,1163
244917,0,76,56,168,0,0,0,Radical Right Tongue Cancer Surgery + Transfer of a Pedicled Flap from the Left Medial Calf + Tracheostomy,3,2,0,Tongue,Leg,1,1,0,0,1,1,0,/,/,Not recurred,1598
245397,1,54,58,150,0,0,0,Radical Left Tongue Cancer Surgery + Neck Dissection + Anterolateral Thigh Flap Reconstruction + Tracheostomy,2,1,0,Tongue,Thigh,1,1,0,0,0,0,/,0,0,423,423
246941,0,50,68,165,1,0,0,Extended Resection of Left Tongue Cancer + Neck Lymph Node Dissection + Free Anterolateral Thigh Flap Reconstruction + Tracheostomy,2,3,0,Tongue,Thigh,1,1,0,0,0,0,/,0,0,Not recurred,1184
248153,1,55,69,158,0,0,0,The right tongue cancer radical surgery + midline mandibular split + titanium plate and screw internal fixation + right neck dissection + free left anterior thigh transfer repair + tongue reconstruction + tracheostomy,2,1,0,Tongue,Thigh,1,1,0,0,0,0,0,0,0,1362,1362
250206,0,42,69,179,1,1,1,Radical Resection of Left Oropharyngeal Cancer + Neck Lymph Node Dissection + Fibula Free Flap Transfer Reconstruction + Abdominal Skin Graft + Tracheostomy,2,1,0,Oropharynx & Palate,Fibula,1,1,0,0,0,0,0,0,0,Not recurred,1155
250559,0,57,61.5,/,0,0,0,Right tongue cancer radical surgery + left forearm flap repair surgery + tracheostomy,3,2,0,Tongue,Arm,1,1,0,0,0,0,/,0,0,Not recurred,2073
251045,0,62,64,170,1,1,0,Radical Resection of Left Floor of Mouth Cancer + Neck Dissection + Transfer of Medial Calf Flap for Reconstruction + Tracheostomy,3,2,0,Floor of Mouth,Fibula,2,1,0,0,0,0,0,0,0,Not recurred,1188
251350,0,50,61,170,0,1,0,Radical left buccal cancer resection + left neck dissection + anterolateral thigh flap reconstruction + tracheostomy,3,2,0,Buccal Mucosa,Thigh,1,1,0,0,0,1,/,1,0,Not recurred,2046
251794,0,66,72,175,0,0,0,"Excision of mandibular mass with lymph node biopsy, bilateral neck lymph node dissection, free fibula myocutaneous flap transplantation, and preoperative tracheotomy",3,2,0,Gingiva & Jaw,Fibula,2,1,0,0,0,1,0,0,1,Not recurred,999
253867,1,38,55,151,0,0,0,Extended Resection of Malignant Tumor in Left Maxillary Sinus + Left Neck Lymph Node Dissection + Free Anterolateral Femoral Flap Reconstruction with Vascular Pedicle + Tracheostomy,0,1,0,Gingiva & Jaw,Thigh,1,1,0,0,0,0,0,/,/,Not recurred,1336
254634,0,48,50.5,170,0,0,0,Radical Resection of Right Buccal Cancer + Right Cervical Lymph Node Dissection + Partial Resection of Right Mandible + Repair with Right Pectoralis Major Flap,3,2,0,Gingiva & Jaw,Other,1,0,0,0,0,0,/,0,0,Not recurred,1399
254841,0,64,65,165,1,1,0,Radical Resection of Right Floor of Mouth Cancer + Neck Lymph Node Dissection + Transfer and Repair with Left Anterolateral Thigh Flap + Tracheostomy,2,1,0,Floor of Mouth,Thigh,1,1,0,0,0,1,0,0,0,Not recurred,1108
255759,0,53,55.5,164,0,0,0,Right Tongue Cancer Extended Resection + Neck Lymph Node Dissection + Free Transfer of Anterolateral Femoral Flap with Vascular Pedicle + Tracheostomy,2,1,0,Tongue,Thigh,1,1,0,0,0,0,0,/,/,Not recurred,1339
260002,0,48,60,165,0,0,0,Extended Resection for Recurrent Cancer of the Floor of the Mouth + Bilateral Body Resection of the Mandible + Left Fibula Myocutaneous Flap Transfer Reconstruction + Tracheostomy,3,2,0,Gingiva & Jaw,Fibula,1,1,0,0,0,0,0,0,0,1921,1921
260108,0,50,73,170,0,1,0,The right cheek malignant tumor extended excision + right neck dissection + free right anterolateral thigh flap transfer repair + tracheostomy,3,2,0,Buccal Mucosa,Thigh,1,1,0,0,0,0,0,/,/,Not recurred,1165
261144,1,45,44,155,0,0,0,Extended Resection for Left Sublingual Cancer,2,2,0,Tongue,Fibula,1,1,1,0,0,0,0,0,0,274,274
262674,0,63,67,176,0,0,0,Radical Resection of Malignant Tumor in the Right Oropharynx + Neck Dissection + Partial Resection of the Right Mandible + Transfer of a Medial Calf Flap for Reconstruction,3,2,0,Gingiva & Jaw,Leg,1,1,0,1,1,1,0,/,/,Not recurred,1139
262864,0,58,54,170,1,1,0,Extended Resection of Malignant Tumor in the Right Lower Gingiva and Floor of Mouth with Neck Lymph Node Dissection and Left Fibula Myocutaneous Flap Transfer Repair with Tracheostomy,3,2,0,Gingiva & Jaw,Fibula,1,1,0,0,0,0,0,0,0,Not recurred,1468
263121,1,78,56,158,0,0,0,Extended resection of left upper gingival cancer + partial resection of left maxilla + neck lymph node dissection + anterolateral thigh flap reconstruction + tracheostomy,2,2,0,Gingiva & Jaw,Thigh,1,1,1,0,1,1,0,0,0,Not recurred,1450
264855,0,56,82,170,1,1,0,Right radical neck lymph node dissection + right inferior pole parotid gland mass resection,2,0,0,Other,No Flap,1,0,0,0,0,1,/,/,/,57,57
264878,0,31,49,178,0,0,0,Extended Resection of Giant Recurrent Malignant Tumor + Bilateral Neck Lymph Node Dissection + Resection of Right Internal Jugular Vein + Resection of Right External Carotid Artery + Exploration and Ligation of Right Internal Carotid Artery + Transfer of Right Lower Trapezius Flap for Reconstruction,2,2,1,Other,Other,2,1,0,0,0,0,0,0,0,666,666
266820,0,71,55,150,0,1,0,Extended Resection of Left Lower Gingivobuccal Cancer + Left Neck Lymph Node Dissection + Left Fibula Myocutaneous Flap Transfer Repair + Tracheostomy,3,2,0,Buccal Mucosa,Fibula,1,1,0,0,0,0,0,0,0,Not recurred,1457
267791,0,67,70,170,0,0,0,Extended resection of malignant tumor in the left maxilla + left neck dissection + tracheostomy + free transfer of the left anterolateral thigh flap for reconstruction,3,2,0,Gingiva & Jaw,Thigh,1,1,0,0,0,0,0,0,0,Not recurred,1112
268938,0,66,48,/,1,1,0,Left Tongue Cancer Extended Resection + Left Radical Neck Lymph Node Dissection + Left Anterolateral Thigh Flap Reconstruction + Tracheostomy,3,2,0,Tongue,Thigh,1,1,0,0,0,0,/,1,0,Not recurred,2693
268947,1,52,60,153,0,0,0,Right Tongue Cancer Extended Resection + Tracheostomy + Neck Lymph Node Dissection + Free Anterolateral Thigh Flap Transplantation,1,2,0,Tongue,Thigh,1,1,0,0,0,1,0,/,/,Not recurred,1177
269039,1,70,39.5,162,0,0,0,Left Tongue Cancer Post-Operative Recurrence Extended Resection + Neck Dissection + Anterolateral Thigh Flap Repair + Tracheostomy,2,2,0,Tongue,Thigh,2,1,0,0,1,0,/,0,0,71,71
269360,0,57,70,/,0,0,0,Radical Surgery for Right Tongue Cancer + Forearm Flap Reconstruction + Tracheostomy,2,1,0,Tongue,Arm,1,1,0,0,0,0,/,0,0,Not recurred,1393
270762,0,63,67,168,1,1,0,The right pharyngeal cancer radical resection + left anterolateral thigh free flap repair + tracheostomy + right anterolateral thigh,3,2,0,Oropharynx & Palate,Thigh,1,1,1,0,0,0,0,1,1,Not recurred,1578
271493,1,56,62,156,0,0,0,Extended resection of malignant tumor on the left tongue + left neck lymph node dissection + midline split of the mandible with titanium plate and screw internal fixation + repair with right anterior lateral thigh flap + tracheostomy,0,1,0,Tongue,Thigh,1,1,0,0,0,0,0,0,0,Not recurred,1124
271819,0,53,45,155,0,1,0,Radical Resection of Gingival Cancer in the Right Lower Jaw + Neck Dissection + Fibula Myocutaneous Flap Transfer Repair + Tracheostomy + Skin Graft from Abdomen,2,1,0,Gingiva & Jaw,Fibula,1,1,0,0,0,0,0,0,0,Not recurred,1148
272283,0,70,52,170,0,0,0,Extended Resection of Left Tongue Cancer + Neck Lymph Node Dissection + Anterolateral Thigh Flap Reconstruction + Tracheostomy,2,1,0,Tongue,Thigh,2,1,0,0,0,1,0,0,0,Not recurred,1232
272545,0,39,79,168,1,1,0,Radical resection of left tongue cancer + transfer of left lower leg medial flap for reconstruction + tracheostomy + neck dissection,2,1,0,Tongue,Leg,2,1,0,0,0,0,/,0,0,Not recurred,1356
272688,0,43,75,171,0,1,1,"The right tongue cancer radical resection with right neck lymph node dissection, left lower leg medial flap transfer repair, tracheotomy, midline mandibular split, and titanium plate and screw internal fixation",2,1,0,Tongue,Leg,1,1,0,0,0,0,/,0,0,Not recurred,1228
272769,0,31,64,/,1,1,0,Radical Resection of Malignant Tumor on the Right Tongue + Neck Dissection + Transfer of a Pedicled Flap from the Inner Side of the Left Leg + Tracheostomy,2,1,0,Tongue,Leg,1,1,0,0,0,0,0,0,0,Not recurred,1136
273145,0,59,64,170,0,0,0,Extended Resection of Left Tongue Cancer + Neck Lymph Node Dissection + Anterolateral Thigh Flap Reconstruction + Tracheostomy,2,1,0,Tongue,Thigh,1,1,0,0,0,0,0,0,0,Not recurred,1140
273590,1,33,43,153,0,0,0,Right Tongue Cancer Radical Surgery + Left Lower Leg Medial Flap Transfer Repair Surgery + Tracheotomy,2,1,0,Tongue,Leg,1,1,0,0,0,0,0,0,0,Not recurred,1231
274734,0,68,51,162,0,0,0,Right radical tonsillectomy with right neck dissection and left free fibula flap reconstruction,3,2,0,Oropharynx & Palate,Fibula,1,1,0,0,0,0,/,1,0,Not recurred,2186
275237,0,48,82,170,0,1,0,Right Tongue Cancer Extended Resection + Neck Lymph Node Dissection + Left Anterolateral Thigh Flap Reconstruction,3,2,0,Tongue,Thigh,1,1,0,0,0,0,0,0,1,5,5
282719,1,65,58,152,0,0,0,Radical Right Tongue Cancer Surgery + Left Forearm Flap Reconstruction + Tracheostomy,3,2,0,Tongue,Arm,1,1,0,0,0,0,0,0,0,Not recurred,1237
283197,0,40,68.5,169,0,1,0,Extended Resection of Left Buccal Cancer + Left Neck Dissection + Left Extended Supraclavicular Skin Flap Repair,2,0,0,Buccal Mucosa,Other,1,1,0,0,0,0,0,0,0,232,232
283459,0,37,55,168,0,0,0,Right tongue cancer extended resection + bilateral neck dissection + mandibular split + left anterolateral thigh flap reconstruction + vascular anastomosis + titanium plate and screws internal fixation + tracheotomy + partial mandibulectomy,2,1,0,Tongue,Thigh,2,1,0,0,0,0,0,0,0,182,182
284203,0,65,43,162,0,1,0,Radical Resection of Left Tongue Cancer + Neck Lymph Node Dissection + Transfer of Graft from the Medial Side of the Calf + Tracheostomy,2,1,0,Tongue,Leg,2,1,0,0,0,0,0,0,0,Not recurred,1178
284555,1,19,53,161,0,0,0,Extended Resection of Right Tongue Cancer + Neck Lymph Node Dissection + Anterolateral Thigh Flap Reconstruction,2,1,0,Tongue,Thigh,1,0,0,0,0,0,0,0,0,Not recurred,1619
288058,0,49,80,168,0,1,1,"Right tongue cancer extended resection + right neck dissection + left anterior lateral thigh flap repair + tracheostomy, hemostasis exploration + partial debridement of the flap",2,1,0,Tongue,Thigh,1,1,0,0,0,1,/,0,0,Not recurred,1127
288579,0,54,55,153,1,1,0,Extended excision of bilateral tongue and floor of mouth malignant tumors + bilateral neck lymph node dissection + midline split of mandible with titanium plate and screw internal fixation + free vascularized anterolateral thigh flap reconstruction + tracheotomy,0,1,0,Tongue,Thigh,2,1,0,0,0,0,0,0,0,Not recurred,1168
289023,0,38,79.5,175,1,0,0,Right tongue cancer extended resection + neck lymph node dissection + anterolateral thigh flap reconstruction + tracheostomy,2,1,0,Tongue,Thigh,1,1,0,0,0,0,0,0,0,Not recurred,1149
290424,1,33,55,161,0,0,0,Left Tongue Cancer Radical Surgery + Left Neck Dissection + Left Anterolateral Thigh Free Flap Reconstruction + Tracheostomy,2,1,0,Tongue,Thigh,1,1,0,0,0,0,0,0,0,Not recurred,1202
291933,0,72,41,160,0,1,0,Radical Resection of Malignant Tumor of the Right Tongue + Right Neck Lymph Node Dissection + Tracheostomy + Transfer of Left Anterolateral Thigh Flap for Reconstruction + Osteotomy of the Mandible + Internal Fixation with Titanium Plates and Screws,3,2,0,Tongue,Thigh,1,1,0,0,0,0,0,/,/,Not recurred,1088
292148,0,65,62,173,0,0,0,Right Parotid Gland Cancer Extended Resection + Neck Lymph Node Dissection + Anterolateral Thigh Flap Reconstruction,2,1,0,Other,Thigh,1,0,0,0,0,1,/,0,0,6,6
293583,0,64,77,160,1,1,0,Radical Resection of Malignant Tumors on Both Sides of the Tongue + Neck Dissection + Tracheostomy + Anterolateral Thigh Flap Transfer Repair + Mandibular Osteotomy + Titanium Plate and Screw Internal Fixation,3,2,0,Tongue,Thigh,2,1,0,0,0,0,0,0,0,Not recurred,1198
293693,0,52,52,173,1,1,1,The right maxillary and mandibular gingivobuccal cancer extended resection + partial resection of the right maxilla and mandible + titanium mesh reconstruction + radical neck lymph node dissection on the right side + pedicled trapezius muscle flap repair on the right side + tracheostomy,1,0,0,Gingiva & Jaw,Other,1,1,0,0,0,0,/,0,0,2223,2223
294527,1,67,60,150,0,0,0,Radical Resection of Malignant Tumor in Right Oropharynx + Bilateral Neck Dissection + Left Fibula Myocutaneous Flap Transfer Repair + Tracheostomy,2,1,0,Oropharynx & Palate,Fibula,2,1,0,0,0,0,0,/,/,Not recurred,1269
295528,1,49,48,160,0,0,0,"Left buccal cancer, extended resection of the left upper lip mass + neck lymph node dissection + transfer of a flap from the medial aspect of the left leg for reconstruction",2,1,0,Buccal Mucosa,Leg,1,0,0,0,0,0,/,0,0,Not recurred,1474
296482,0,63,56,171,0,1,0,"Extended resection of a large recurrent mass in the right cheek, mandible, temporal region, and lateral skull base + total resection of the right mandible and maxilla + right neck dissection ++ titanium scaffold implantation + titanium plate and screws internal fixation + right inferior trapezius flap repair + intermaxillary traction + tracheostomy",3,1,0,Gingiva & Jaw,Other,1,1,0,0,0,0,0,0,0,1037,1037
297162,0,54,70,166,1,1,0,Extended Resection of Left Maxillary Cancer + Neck Lymph Node Dissection + Transfer of a Medial Calf Flap for Reconstruction + Tracheostomy,2,2,0,Gingiva & Jaw,Leg,1,1,0,0,0,0,0,0,0,1361,1361
301033,0,76,61,165,1,1,0,Extended Resection of Right Mandibular Gingival Cancer + Right Mandibular Square Resection,3,1,0,Gingiva & Jaw,No Flap,1,0,0,0,1,1,0,/,/,Not recurred,1855
301630,0,69,50,162,1,1,0,Radical Resection of Malignant Tumor in the Left Maxilla + Left Eye Removal + Left Neck Lymph Node Dissection + Transfer of Left Anterolateral Thigh Flap for Reconstruction + Midline Osteotomy of the Mandible + Internal Fixation with Titanium Plates and Screws,3,2,0,Gingiva & Jaw,Thigh,1,1,0,0,0,0,0,/,/,Not recurred,1100
301861,0,73,66.5,171,0,0,0,The left mandibular bone malignant tumor extended resection + left neck lymph node dissection + left fibula fascia flap transfer repair + tracheostomy,3,2,0,Gingiva & Jaw,Fibula,1,1,0,0,0,0,0,0,0,Not recurred,1152
301910,0,43,60,170,1,0,0,Left maxillary gingival malignant tumor extended resection + left neck dissection + mandibular split + left anterolateral thigh flap repair + vascular anastomosis + titanium plate and screw internal fixation + tracheotomy,2,1,0,Gingiva & Jaw,Thigh,1,1,0,0,0,0,0,0,1,97,97
303595,0,49,71.5,170,0,1,0,Radical Surgery for Cancer of the Floor of the Mouth + Transfer of a Pedicled Flap from the Medial Aspect of the Left Leg + Tracheotomy,3,2,0,Other,Leg,2,1,0,0,1,1,0,0,0,Not recurred,1581
303734,0,53,50,158,1,1,0,Radical Surgery for Bilateral Floor of Mouth Cancer + Neck Dissection + Free Fibula Flap Reconstruction + Tracheostomy,2,2,0,Floor of Mouth,Fibula,2,1,0,0,0,0,0,0,0,Not recurred,1591
303764,0,66,57,165,0,0,0,The right lower gingivobuccal cancer extended resection + right mandibular bone partial resection + right neck lymph node dissection + pedicled vascular left lower leg medial flap transfer repair + tracheotomy,2,2,0,Gingiva & Jaw,Leg,1,1,0,0,0,0,0,0,0,195,195
303899,0,64,60,170,0,1,0,Radical Resection of Right Buccal Cancer + Transfer of Left Lower Leg Medial Flap for Reconstruction + Tracheostomy,2,0,0,Buccal Mucosa,Leg,1,1,1,0,0,0,/,0,0,Not recurred,1823
304432,0,51,55,167,1,1,0,Extended left tongue cancer resection + left neck lymph node dissection + right anterior lateral thigh flap reconstruction + tracheostomy,2,1,0,Tongue,Thigh,1,1,0,0,0,0,0,0,0,Not recurred,1245
305172,0,63,67,164,0,0,0,Radical right oropharyngeal cancer resection + neck lymph node dissection + anterolateral thigh flap reconstruction + tracheostomy,2,2,0,Oropharynx & Palate,Thigh,1,1,0,0,0,0,0,0,0,Not recurred,1617
305198,0,54,59,175,1,1,0,The right maxillary sinus cancer radical surgery + total right maxillectomy + extended resection of the right parapharyngeal and nasal sinus malignant mass + right neck dissection + tracheotomy + free anterolateral thigh flap transfer repair,3,2,0,Gingiva & Jaw,Thigh,1,1,0,0,0,0,0,1,1,902,902
305230,1,61,42.5,140,0,0,0,Radical resection of left tongue cancer + neck dissection + mandibular split + titanium plate and screw internal fixation + transfer of medial leg flap for repair + skin graft from proximal to distal end of the leg for defect repair + tracheotomy,3,2,0,Tongue,Leg,1,1,0,0,0,0,0,0,0,Not recurred,1181
306450,0,57,71,158,1,1,0,"Left lower jaw mass excision with left mandibular segmental resection, left neck lymph node dissection, right fibula musculocutaneous flap transfer repair, titanium stent implantation, titanium plate and screw internal fixation, tracheotomy",2,2,0,Gingiva & Jaw,Fibula,1,1,0,0,0,1,0,0,0,105,105
306736,0,60,56,158,1,1,0,Right lower gingival cancer radical surgery + neck dissection + midline mandibular split + pectoralis major myocutaneous flap repair + tracheostomy,2,2,0,Gingiva & Jaw,Other,1,1,0,0,0,0,/,0,0,1994,1994
306846,0,30,55,163,0,0,0,Left Tongue Mass Extended Resection + Left Neck Dissection + Free Transfer of Left Anterolateral Thigh Flap for Reconstruction + Tracheostomy,2,1,0,Tongue,Thigh,1,1,0,0,0,0,0,0,0,177,177
307508,0,66,60,167,0,1,0,Right tongue cancer radical surgery + right neck dissection + free left anterolateral thigh flap transfer repair + tracheostomy,2,1,0,Tongue,Thigh,1,1,0,0,0,1,0,/,/,Not recurred,1180
307559,0,55,45,163,0,0,0,"Radical surgery for malignant tumors of the bilateral tongue base and floor of mouth + partial resection of bilateral mandibles + bilateral neck dissection + free anterolateral thigh flap transfer repair + tracheostomy + extraction of teeth #11, 12, 21, 22",3,2,0,Tongue,Thigh,2,1,1,0,0,0,0,0,0,Not recurred,1125
307659,0,57,75,167,0,1,0,Radical left oropharyngeal cancer resection + neck dissection + anterolateral thigh flap reconstruction + tracheostomy,0,1,0,Oropharynx & Palate,Thigh,1,1,0,0,0,0,/,0,0,Not recurred,1543
308075,0,72,66,165,0,1,0,Radical Resection of Right Tongue Cancer + Right Neck Dissection + Tracheostomy + Free Anterolateral Thigh Flap Transfer Repair,3,2,1,Tongue,Thigh,1,1,0,0,0,1,0,0,0,Not recurred,1148
308682,0,35,45,170,0,0,0,Right Tongue Cancer Radical Resection + Left Lower Leg Medial Flap Transfer Repair + Tracheostomy,3,2,0,Tongue,Leg,1,1,0,0,0,0,0,0,0,Not recurred,1690
309045,1,89,41,149,0,0,0,The left temporal orbital area malignant tumor extended resection + right upper lip tumor resection + bilateral alar tumor resection + abdominal skin grafting + skin graft repair of the left temporal orbital area and bilateral alar skin defects,3,2,0,Other,Other,0,0,0,0,0,1,/,0,0,8,8
310741,0,46,49,160,0,1,0,The right oral malignant tumor extended resection + right maxillary and mandibular partial resection + bilateral neck lymph node dissection + free lateral anterior thigh flap transfer repair + tracheostomy,2,1,0,Gingiva & Jaw,Thigh,2,1,0,0,0,0,0,1,1,513,513
310783,1,54,62,158,0,0,0,Radical Resection of Left Lower Gingival Cancer + Left Neck Dissection + Free Right Fibula Flap Transfer and Reconstruction + Tracheostomy,2,1,0,Gingiva & Jaw,Fibula,1,1,0,0,0,0,0,0,0,Not recurred,1066
312505,0,66,66,160,1,1,0,Radical Surgery for Right Floor of Mouth Cancer + Right Pectoralis Major Reconstruction + Tracheostomy,3,2,0,Floor of Mouth,Other,2,1,1,1,0,1,0,0,0,Not recurred,1736
313062,0,62,80,170,0,1,0,Radical Left Tongue Cancer Surgery + Left Neck Lymph Node Dissection + Left Extended Clavicular Supraclavicular Flap Reconstruction + Tracheostomy + Postoperative Hemorrhage Exploration for Left Tongue Cancer + Internal Fixation with Titanium Plates and Screws,1,1,0,Tongue,Other,1,1,0,1,0,0,/,0,0,1328,1328
313483,1,56,52,145,0,0,0,"Intraoperative frozen section + wide excision of recurrence sites in the right tongue, base of tongue, floor of mouth, and oropharynx + bilateral neck dissection + mandibular split + titanium plate and screw internal fixation + left anterolateral thigh flap reconstruction + vascular anastomosis + preoperative tracheotomy",2,0,0,Tongue,Thigh,2,1,0,0,0,0,0,0,1,50,50
313760,1,80,49,153,0,0,0,Radical Right Tongue Cancer Surgery + Neck Dissection + Anterolateral Thigh Flap Reconstruction + Tracheostomy,2,2,0,Tongue,Thigh,1,1,0,0,0,0,0,0,0,Not recurred,1119
313929,1,60,51.5,158,0,0,0,Radical Resection of Left Buccal Cancer + Block Resection of Upper and Lower Jawbones + Free Anterolateral Thigh Flap Reconstruction,2,1,0,Gingiva & Jaw,Thigh,1,1,0,0,1,1,/,0,0,Not recurred,1419
314766,1,46,48,160,0,0,0,Right buccal cancer extended resection + partial resection of the right upper and lower jaws + right neck lymph node dissection + transfer of the right lower trapezius flap for reconstruction + titanium stent placement + titanium mesh orbital floor reconstruction + tracheostomy,2,2,0,Gingiva & Jaw,Other,1,1,0,0,0,0,0,0,0,6,6
315042,1,62,49,/,0,1,0,Left Tongue Cancer Extended Resection + Left Neck Lymph Node Dissection + Left Forearm Flap Reconstruction + Tracheostomy,2,1,0,Tongue,Arm,1,1,0,0,0,0,/,0,0,Not recurred,2574
315685,0,41,80,175,0,1,0,Left Neck Metastatic Lesion Excision with Neck Lymph Node Dissection after Right Tongue Cancer Surgery,2,0,0,Tongue,No Flap,1,0,0,0,0,0,/,/,/,Not recurred,1276
315788,0,35,65,163,0,0,0,Right tongue cancer recurrence extended radical surgery + bilateral neck lymph node dissection + partial mandibulectomy + left fibula fascia flap transfer repair surgery + tracheostomy,2,1,0,Tongue,Fibula,1,1,0,0,0,0,/,1,1,308,308
316089,1,68,50,145,0,0,0,Radical Resection of Right Tongue Cancer + Neck Dissection + Tracheostomy + Transfer of Medial Leg Flap for Reconstruction + Mandibular Splitting + Internal Fixation with Titanium Plates and Screws,3,2,0,Tongue,Leg,1,1,0,0,0,1,0,0,0,Not recurred,1058
316568,1,60,61,160,0,0,0,The left tongue malignant tumor extended resection + left neck lymph node dissection + left forearm flap transfer repair + tracheostomy,2,1,0,Tongue,Arm,1,1,0,0,0,0,0,0,0,Not recurred,1547
317106,0,55,66,165,0,1,0,"Radical neck lymph node dissection, unilateral (radical resection of left oropharyngeal cancer + left neck lymph node dissection + tracheotomy + left fibula free flap transfer repair + titanium stent implantation + mandibular reconstruction)",2,1,0,Gingiva & Jaw,Fibula,1,1,0,0,0,0,0,0,0,Not recurred,1044
317133,0,73,51,150,0,0,0,Radical left buccal cancer surgery + partial maxillectomy + left mandibulectomy + neck dissection + anterolateral thigh flap reconstruction + tracheostomy,1,2,0,Gingiva & Jaw,Fibula,1,1,0,0,1,0,/,0,0,Not recurred,1731
317373,0,71,58,170,0,1,0,Radical Right Tongue Cancer Surgery + Left Lower Leg Medial Flap Reconstruction + Tracheostomy,3,2,0,Tongue,Leg,1,1,0,1,0,0,/,/,/,Not recurred,1128
317513,0,42,72,169,1,1,0,Radical Resection of Left Lower Gingival Cancer + Left Neck Dissection + Left Forearm Flap Reconstruction,2,1,0,Gingiva & Jaw,Arm,1,0,0,0,0,0,/,0,0,Not recurred,1173
318046,0,58,69,180,0,0,0,Radical resection of malignant tumor in right oropharynx + neck dissection + mandibular split + partial resection of upper and lower jaws + left anterolateral thigh flap transfer repair + tracheostomy,3,2,0,Gingiva & Jaw,Thigh,1,1,0,0,0,0,0,0,0,Not recurred,1198
320142,1,63,49,160,0,0,0,Left tongue cancer + left neck dissection + free anterolateral thigh flap transfer repair,2,0,0,Tongue,Thigh,1,0,1,0,0,0,0,0,0,Not recurred,1141
320448,1,69,55,153,0,0,0,Left Lower Gingival Lesion Biopsy,2,1,0,Gingiva & Jaw,Fibula,1,1,0,0,0,0,/,0,0,50,50
322712,0,50,50,168,0,0,0,The left oral floor recurrent cancer extended resection + bilateral neck lymph node dissection + tracheotomy + bilateral fibula free flap reconstruction + left anterior lateral thigh free flap reconstruction as backup + left pectoralis major myocutaneous flap reconstruction as backup,3,2,0,Other,Thigh,2,1,1,0,0,0,0,0,0,204,204
322835,1,83,53,153,0,0,0,Right Tongue Cancer Radical Surgery + Left Anterolateral Thigh Flap Repair Surgery + Tracheostomy,3,2,0,Tongue,Thigh,1,1,0,0,0,0,/,/,/,Not recurred,1210
325213,0,42,69,166,0,1,1,Radical Resection of Right Buccal Cancer + Neck Dissection + Transfer of a Pedicled Flap from the Medial Side of the Left Leg,2,1,0,Buccal Mucosa,Leg,1,0,0,0,0,0,0,0,0,Not recurred,1237
325370,0,56,67,168,0,1,0,Radical Right Tongue Cancer Surgery + Bilateral Neck Dissection + Left Anterolateral Thigh Flap Repair + Tracheostomy,3,1,0,Tongue,Thigh,2,1,0,0,0,0,0,/,/,Not recurred,1331
326574,0,38,51,164,1,1,0,Radical Resection of Left Tongue Cancer + Neck Dissection + Tracheostomy + Transfer of Lateral Thigh Flap for Reconstruction,2,1,0,Tongue,Thigh,2,1,0,0,0,0,0,0,0,Not recurred,1193
327216,1,60,60,155,0,0,0,"Right lower gingival tumor excision with right neck dissection, fibula flap reconstruction, and tracheostomy",2,2,0,Gingiva & Jaw,Fibula,1,1,0,0,0,0,0,0,0,Not recurred,1380
330000,0,40,71.5,170,0,1,1,Radical resection of right tongue cancer + neck dissection + tracheostomy + transfer of medial leg flap for reconstruction + skin graft from the proximal part of the lower leg to repair distal defects + mandibular splitting + internal fixation with titanium plates and screws,2,1,0,Tongue,Leg,1,1,0,0,0,0,0,0,0,Not recurred,1184
331236,0,63,60,168,1,1,0,"The expanded resection of malignant tumors in the tongue, floor of mouth, and parapharyngeal space + bilateral neck dissection + ligation of the lower poles of both parotid glands + removal of both submandibular glands + removal of the right sublingual gland + free transfer of the left anterolateral thigh flap to repair the defect of the floor of mouth and parapharyngeal space + tracheostomy",2,1,0,Tongue,Thigh,2,1,0,0,0,0,0,0,0,Not recurred,1149
331425,1,53,41,158,0,0,0,Radical Tongue Cancer Resection with Tracheostomy and Left Anterolateral Thigh Flap Transfer Repair,3,2,0,Tongue,Thigh,2,1,0,0,0,0,0,1,0,1076,1076
331535,0,89,65,170,0,1,0,Extended resection of left nasopharyngeal cancer + partial resection of left maxilla + neck lymph node dissection + anterolateral thigh flap reconstruction + tracheostomy,3,3,0,Gingiva & Jaw,Thigh,1,1,0,0,0,0,0,0,0,Not recurred,1502
331556,1,33,87,168,0,0,0,Radical Resection of Malignant Tumor on the Right Tongue + Neck Dissection + Mandibular Splitting + Transfer of Medial Calf Flap for Reconstruction + Tracheostomy,2,1,0,Tongue,Leg,1,1,0,0,0,0,0,0,0,Not recurred,1246
332447,0,56,59,168,0,0,0,Right pharyngeal cancer extended resection + neck lymph node dissection + anterolateral thigh flap reconstruction + tracheostomy,1,1,0,Oropharynx & Palate,Thigh,1,1,0,0,0,0,0,/,/,Not recurred,1541
333699,0,75,58,168,0,0,0,Extended Left Buccal Cancer Resection + Right Buccal Mass Resection + Neck Lymph Node Dissection + Anterolateral Thigh Flap Reconstruction + Tracheostomy,3,2,0,Buccal Mucosa,Thigh,1,1,0,1,1,0,0,0,0,115,115
333719,0,78,55,163,0,0,0,Extended Resection of Right Maxillary Gingival Cancer + Right Neck Lymph Node Dissection + Left Anterolateral Thigh Flap Reconstruction + Tracheostomy,2,1,0,Gingiva & Jaw,Thigh,1,1,1,0,0,1,0,0,0,Not recurred,1393
335601,1,74,59,157,0,0,0,Extended excision of malignant tumor on the right tongue + left forearm flap transfer repair + tracheostomy,3,2,0,Tongue,Arm,2,1,0,0,0,0,0,/,/,Not recurred,1437
336247,1,67,51,154,0,0,0,Right tongue cancer radical resection + left anterolateral thigh free flap repair + tracheotomy,3,2,0,Tongue,Thigh,1,1,0,0,0,0,/,0,0,Not recurred,1174
337457,0,49,68,173,1,1,0,Radical Left Tongue Cancer Surgery + Transfer of a Flap from the Inner Side of the Right Calf for Reconstruction + Tracheostomy,2,1,0,Tongue,Leg,1,1,0,0,0,0,0,0,0,Not recurred,1641
338124,0,62,45,165,1,1,0,Radical left buccal cancer resection + partial left mandibulectomy + left neck dissection + right fibula flap reconstruction,2,1,0,Gingiva & Jaw,Fibula,1,1,0,0,0,0,/,0,0,Not recurred,2217
339645,0,48,68,/,0,0,0,Radical Surgery for Left Tongue Cancer + Repair with a Pedicled Flap from the Inner Side of the Left Leg + Tracheostomy,2,1,0,Tongue,Leg,1,1,0,0,0,0,0,0,0,Not recurred,1778
340079,0,62,66,165,0,0,0,Radical Resection of Right Tongue Cancer + Neck Dissection + Tracheostomy + Transfer of Medial Calf Flap for Reconstruction,2,2,0,Tongue,Leg,1,1,1,0,0,0,0,0,0,Not recurred,1175
340261,1,52,49,159,0,0,0,Extended Resection of Malignant Tumor on the Left Tongue + Left Neck Dissection + Free Transfer of the Left Anterolateral Thigh Flap for Reconstruction,2,1,0,Tongue,Thigh,1,0,0,0,0,0,0,0,0,Not recurred,1167
341001,0,68,54,168,1,1,0,Radical Resection of Malignant Tumor of the Left Lower Gingiva + Neck Dissection + Right Fibula Myocutaneous Flap Transfer Repair + Tracheostomy,2,1,0,Gingiva & Jaw,Fibula,1,1,0,0,0,0,0,0,0,Not recurred,1161
341776,1,67,55,159,0,0,0,Radical Resection of Malignant Tumor in the Right Buccal and Oropharyngeal Region with Neck Dissection and Transfer of a Graft from the Medial Aspect of the Calf,3,2,0,Buccal Mucosa,Leg,1,1,0,0,0,0,/,0,0,Not recurred,1175
342867,1,79,41,153,0,0,0,Extended Resection of Malignant Mandibular Tumor + Bilateral Neck Dissection + Free Left Fibula Flap Transfer Repair,3,2,0,Gingiva & Jaw,Fibula,2,1,0,0,1,0,/,0,0,Not recurred,1338
344478,0,56,59.5,161,0,0,0,Radical Surgery for Left Buccal Cancer + Radical Neck Lymph Node Dissection on the Left + Left Fibula Muscle Skin Flap Transfer Repair + Tracheostomy,2,1,0,Buccal Mucosa,Fibula,1,1,0,0,0,0,0,0,1,Not recurred,1939
346235,0,58,55,162,1,1,0,Radical left oropharyngeal cancer resection + bilateral neck dissection + left pectoralis major myocutaneous flap transfer repair + tracheostomy,1,2,0,Oropharynx & Palate,Other,1,1,0,0,0,0,/,0,0,223,223
346236,0,32,55,165,0,1,1,Radical Resection of Left Lower Gingival Cancer + Left Neck Dissection + Tracheostomy + Right Fibula Free Flap Transfer and Reconstruction + Occlusal Reconstruction + Intermaxillary Traction,2,1,0,Gingiva & Jaw,Fibula,1,1,0,0,0,0,0,/,/,Not recurred,1107
346653,0,65,68,/,0,0,0,Radical Surgery for Right Tongue Cancer + Repair with Left Calf Medial Flap + Tracheostomy,2,1,0,Tongue,Leg,1,1,0,0,0,0,/,0,0,Not recurred,2306
346759,1,51,57,165,0,0,0,Radical Surgery for Left Tongue Cancer + Neck Dissection + Anterolateral Thigh Flap Reconstruction + Tracheostomy,2,2,0,Tongue,Thigh,1,1,0,0,1,1,0,0,0,90,90
348689,0,50,70,168,0,0,0,The expanded resection of mandibular gingival cancer + bilateral neck lymph node dissection + fibula flap reconstruction + tracheostomy,1,1,0,Gingiva & Jaw,Thigh,2,1,0,0,1,0,0,0,0,Not recurred,1485
348846,1,43,53,154,0,0,0,Radical Right Tongue Cancer Surgery + Transfer of a Pedicled Flap from the Left Calf Medial Side for Repair + Tracheostomy,2,0,0,Tongue,Leg,1,1,0,0,0,0,0,0,0,Not recurred,1630
348914,0,70,71,165,0,0,0,Left Tongue Mass Resection,0,1,0,Tongue,No Flap,0,0,0,0,0,0,/,0,0,Not recurred,1355
349317,0,42,66,172,0,1,0,Radical resection of right oropharyngeal cancer + neck lymph node dissection + transfer of left anterolateral thigh flap for reconstruction + tracheostomy,2,1,0,Oropharynx & Palate,Thigh,1,1,0,0,0,0,0,/,/,Not recurred,1285
349604,1,77,50,155,0,0,0,Left Tongue Mass Excision with Graft Repair,3,1,0,Tongue,Other,0,0,0,0,0,1,/,0,/,Not recurred,1883
350250,1,86,25,146,0,0,0,Biopsy of a tongue mass,4,1,0,Tongue,No Flap,0,0,0,0,0,0,/,0,/,Not recurred,1918
350645,0,74,50,157,0,0,0,The right cheek malignant tumor extended excision + neck lymph node dissection + partial maxillary and mandibular resection + fibula free flap transfer repair + tracheostomy,2,1,0,Gingiva & Jaw,Fibula,1,1,1,0,0,1,0,0,0,Not recurred,1472
351286,1,27,62,160,0,0,0,Right tongue cancer radical surgery + right neck dissection + midline mandibular split + free lateral anterior thigh flap free repair + tracheostomy,2,1,0,Tongue,Thigh,1,1,0,0,0,0,0,0,0,Not recurred,1501
351358,1,75,52,155,0,0,0,Radical right tongue cancer surgery + right neck dissection + left anterior lateral thigh flap repair + tracheostomy,2,1,0,Tongue,Thigh,1,1,0,0,1,1,/,0,0,Not recurred,2078
351556,0,57,72,165,1,1,0,The right oral floor gingival cancer extended resection + neck lymph node dissection + partial mandibulectomy + fibula free flap transfer and reconstruction + tracheostomy,3,2,0,Gingiva & Jaw,Fibula,2,1,0,0,0,1,0,0,0,Not recurred,1408
352234,1,55,64,155,0,0,0,Extended Resection of Right Buccal Cancer + Neck Lymph Node Dissection + Anterolateral Thigh Flap Reconstruction + Excision and Sclerotherapy of Oral Venous Malformation + Tracheostomy,2,1,0,Buccal Mucosa,Thigh,1,1,0,0,0,0,0,/,/,Not recurred,1134
353454,0,30,93,171,1,1,0,Radical Resection of Right Tongue Cancer + Neck Dissection + Anterolateral Thigh Flap Reconstruction + Tracheostomy,1,1,0,Tongue,Thigh,1,1,0,0,0,0,0,0,0,Not recurred,1511
354277,1,48,76,162,0,0,0,Left Tongue Mass Excision with Graft Repair,2,0,0,Tongue,No Flap,0,0,0,0,0,0,0,/,/,1228,1228
354687,0,57,72,165,1,0,1,Extended Excision of the Mass on the Left Tongue + Extended Excision of the Mass on the Lower Lip + Transplantation of a Flap from the Inner Side of the Left Leg for Repair + Tracheostomy,3,2,0,Tongue,Leg,2,1,1,0,0,1,0,0,0,Not recurred,1666
356400,0,36,100,180,0,0,0,Radical right buccal cancer resection + right anterolateral thigh flap reconstruction + neck dissection + tracheostomy,1,0,0,Buccal Mucosa,Thigh,1,1,0,0,0,0,0,0,1,5,5
356746,0,30,61,160,1,1,0,Extended resection of left maxillary gingival cancer + left neck lymph node dissection + right anterolateral thigh flap reconstruction + tracheostomy,2,1,0,Gingiva & Jaw,Thigh,1,1,0,0,0,0,0,0,0,Not recurred,1898
356922,1,86,66.5,154,0,0,0,Extended Excision of Malignant Tumor in the Left Cheek + Left Neck Lymph Node Dissection + Patch Repair,2,2,0,Buccal Mucosa,Other,1,0,0,0,0,1,0,0,0,654,654
358940,0,40,69,169,1,0,0,Extended Resection of Malignant Tumor on the Right Tongue + Neck Lymph Node Dissection + Mandibular Splitting + Transfer of a Graft from the Medial Side of the Calf + Tracheostomy,2,1,0,Tongue,Leg,1,1,0,0,0,0,0,0,0,Not recurred,1188
360344,0,58,81,170,0,1,0,Radical Right Tongue Cancer Surgery + Left Calf Medial Flap Transfer Repair + Tracheostomy,2,1,0,Tongue,Leg,2,1,0,0,0,0,0,0,0,Not recurred,1554
361181,0,34,65,167,0,1,1,Radical Surgery for Left Tongue Cancer + Free Anterolateral Thigh Flap Reconstruction + Tracheostomy,2,1,0,Tongue,Thigh,1,1,0,0,0,1,/,0,0,Not recurred,1208
362225,0,37,82.5,177,0,1,0,Radical Resection of Malignant Tumor on the Right Tongue + Right Neck Dissection + Free Transfer of Left Anterolateral Thigh Flap for Reconstruction + Tracheostomy,2,1,0,Tongue,Thigh,1,1,0,0,0,0,0,0,0,Not recurred,1227
363507,0,49,78,176,0,0,0,Radical Surgery for Left Tongue Cancer + Left Forearm Flap Transfer Repair + Tracheostomy,3,2,0,Tongue,Arm,1,1,1,0,0,0,/,0,0,Not recurred,1615
363911,1,57,65,/,0,0,0,The right cheek cancer extended radical surgery + right neck lymph node dissection + left lower leg medial flap transfer repair + tracheotomy + mandibular block resection + titanium stent implantation,3,2,0,Gingiva & Jaw,Leg,1,1,0,0,1,1,0,0,0,Not recurred,1527
364776,1,72,51,154,0,0,0,Extended excision of malignant tumor of the right lower gingiva + partial resection of the right mandible + right neck dissection + removal of the right submandibular gland + excision of the inferior pole of the right parotid gland + ligation + extraction of tooth #18 + tracheostomy + free left fibula fasciocutaneous flap transfer and repair,3,2,0,Gingiva & Jaw,Fibula,1,1,0,0,0,1,0,0,1,620,620
366128,0,47,67,171,1,1,0,The right tongue cancer radical resection + neck dissection + midline mandibular split + left forearm flap repair + titanium plate and screw internal fixation + abdominal skin grafting + tracheostomy,3,2,0,Tongue,Arm,1,1,1,0,0,0,/,0,0,363,363
367309,0,71,93,177,1,1,0,Radical resection of left tongue cancer + neck dissection + transfer of a flap from the inner side of the left leg for reconstruction + tracheostomy,3,1,0,Tongue,Leg,1,1,0,0,1,0,0,0,0,Not recurred,1188
369335,0,61,55,165,0,0,0,Radical resection of bilateral oral floor malignant tumor + neck dissection + mandibular split + partial mandibulectomy + transfer of medial leg flap for reconstruction + tracheostomy,3,2,0,Gingiva & Jaw,Leg,2,1,0,0,0,1,0,0,0,Not recurred,1291
369626,1,51,52,156,0,0,0,Radical right tongue cancer surgery + right neck lymph node dissection + free vascularized left anterolateral thigh flap repair + tracheostomy,2,1,0,Tongue,Thigh,1,1,0,0,0,0,/,0,0,Not recurred,1419
369908,0,41,80,172,0,0,0,Radical Left Tongue Cancer Surgery + Left Neck Dissection + Lateral Thigh Flap Reconstruction + Tracheostomy,3,1,0,Tongue,Thigh,1,1,0,0,0,0,/,0,0,Not recurred,2125
370977,0,65,68,/,0,0,0,Extended excision of malignant tumor on the right tongue + right neck lymph node dissection + transfer of flap from the medial aspect of the left lower leg + tracheostomy,3,2,0,Tongue,Leg,1,1,1,0,0,0,/,0,0,Not recurred,1549
371009,1,72,54,150,0,0,0,The left buccal cancer extended resection + left mandiblectomy + neck lymph node dissection + fibula flap reconstruction + tracheostomy,3,2,0,Gingiva & Jaw,Fibula,1,1,0,0,0,1,0,0,0,53,53
371256,0,45,55,160,1,1,0,Radical Resection of Right Tongue Cancer + Transfer of Left Calf Medial Flap for Reconstruction + Tracheostomy,2,1,0,Tongue,Leg,1,1,0,0,0,0,0,0,0,514,514
371787,0,38,61,163,1,0,0,Radical Resection of Right Tongue Cancer + Right Neck Dissection + Free Transfer of Left Anterolateral Thigh Flap for Reconstruction,2,1,0,Tongue,Thigh,1,0,0,0,0,0,0,0,0,467,467
372629,0,69,65,171,0,1,0,Right tongue cancer extended resection + right neck lymph node dissection + mandibular split + submental flap transfer repair + absorbable plate and screw fixation + tracheostomy,3,1,0,Tongue,Other,1,1,0,0,0,0,0,0,0,380,380
372665,0,61,53.5,167,0,1,0,Radical Tongue Cancer Resection + Bilateral Neck Lymph Node Dissection + Right Pectoralis Major Flap Transfer Repair + Tracheostomy,4,2,0,Tongue,Other,2,1,1,0,1,1,0,0,0,1813,1813
373873,0,67,64,172,0,1,0,Right tongue cancer radical surgery + right neck dissection + midline mandibular split + titanium plate and screw internal fixation + free vascularized anterolateral thigh flap transfer repair + tracheostomy,3,2,0,Tongue,Thigh,1,1,0,0,1,1,0,0,0,Not recurred,1443
374500,0,64,80,170,1,1,0,Radical resection of right tongue cancer + neck dissection + transfer of a flap from the medial side of the lower leg for reconstruction + tracheostomy + skin graft from the proximal end of the lower leg to repair the distal defect + mandibular split + internal fixation with titanium plates and screws,3,2,0,Tongue,Leg,1,1,0,0,1,1,0,0,0,Not recurred,1192
374727,1,41,46,160,0,0,0,Radical Resection of Left Cervical Metastatic Cancer + Neck Dissection + Division and Anastomosis of the Left Internal and External Jugular Veins,3,2,0,Other,No Flap,1,0,0,0,0,0,0,/,/,Not recurred,1111
375441,0,54,55,167,1,1,0,Extended Resection of Bilateral Floor of Mouth Cancer + Bilateral Neck Lymph Node Dissection + Anterolateral Thigh Flap Reconstruction + Tracheostomy,2,2,0,Floor of Mouth,Thigh,2,1,0,0,1,0,0,/,/,Not recurred,1485
375935,1,71,52.5,152,0,0,0,Radical Surgery for Left Tongue Cancer + Transfer of a Flap from the Medial Side of the Right Leg for Reconstruction + Tracheotomy,2,1,0,Tongue,Leg,1,1,0,0,0,0,0,0,0,Not recurred,2005
375972,0,51,71,166,0,1,0,Radical Surgery for Left Tongue Cancer + Left Neck Dissection + Anterolateral Thigh Flap Reconstruction + Tracheostomy,3,2,0,Tongue,Thigh,1,1,0,0,0,1,0,/,/,Not recurred,1120
376649,0,73,54.5,160,0,0,0,Radical Resection of Malignant Tumor of the Left Lower Gingiva + Neck Dissection + Right Fibula Myocutaneous Flap Transfer and Reconstruction + Tracheostomy,3,2,0,Gingiva & Jaw,Fibula,1,1,0,0,1,0,0,0,0,Not recurred,1138
376704,0,50,70,163,0,0,0,The right maxillary alveolar and gingival malignant tumor extended resection + bilateral neck lymph node dissection + left anterior lateral thigh fascia-skin flap free transfer repair + tracheostomy,3,2,0,Gingiva & Jaw,Thigh,2,1,0,0,0,1,/,0,0,Not recurred,1175
378438,0,62,70.5,/,0,0,0,Radical tumor resection of the right tongue and floor of mouth + right functional neck dissection + midline split of the mandible + left anterolateral thigh flap reconstruction + internal fixation with titanium plates and screws + tracheostomy,3,2,0,Tongue,Thigh,1,1,0,0,1,1,/,0,0,Not recurred,1547
378827,0,50,45,171,0,0,0,Expanded Resection of Recurrent Lesions in the Tongue and Neck + Segmental Resection of the Right Mandible + Right Neck Lymph Node Dissection + Left Neck Lymph Node Dissection + Transfer of the Right Trapezius Muscle for Repair + Titanium Stent Implantation + Internal Fixation with Titanium Plates and Screws + Tracheostomy,3,2,0,Tongue,Other,1,1,0,0,0,0,/,1,1,7,7
379209,1,58,57.5,159,0,0,0,Radical Resection of Right Tongue Cancer + Neck Lymph Node Dissection + Left Anterolateral Thigh Flap Reconstruction,2,1,0,Tongue,Thigh,1,1,0,0,0,0,/,0,0,Not recurred,2176
379836,0,55,57,160,0,1,0,Extended excision of malignant tumor on left tongue and oral cavity + left neck dissection + extraction of tooth #36 + free transfer of left anterolateral thigh flap for reconstruction + tracheostomy,2,1,0,Tongue,Thigh,1,1,0,0,0,0,0,0,0,Not recurred,1090
381272,1,70,53.5,151,0,0,0,Extended excision of malignant tumor on the right upper lip and cheek + transfer repair using Eslander flap from the right lower lip + right neck lymph node dissection,3,0,1,Buccal Mucosa,Other,1,0,1,0,0,0,0,0,0,119,119
383571,1,45,74,165,0,1,0,Radical right tongue cancer surgery + right neck lymph node dissection + free left anterolateral thigh flap repair + tracheostomy,2,1,0,Tongue,Thigh,1,1,1,0,0,0,/,0,0,Not recurred,1174
384716,1,64,60,159,0,0,0,Extended Resection of Left Lower Gingival Cancer + Neck Lymph Node Dissection + Right Fibula Flap Reconstruction + Tracheostomy,1,2,0,Gingiva & Jaw,Fibula,1,1,0,0,0,0,0,0,0,Not recurred,1155
385038,1,58,55,160,0,0,0,Resection of the mass in the left maxilla + transfer of the flap from the medial side of the left lower leg for reconstruction + tracheostomy,3,2,0,Gingiva & Jaw,Leg,1,1,0,0,0,0,0,0,0,Not recurred,1645
386223,1,67,34,143,0,0,0,Right tongue cancer radical surgery + right neck dissection + left anterolateral thigh flap repair + tracheostomy,1,1,0,Tongue,Thigh,1,1,0,0,0,0,/,0,0,Not recurred,1908
387061,0,39,42,168,1,1,0,"The extensive resection of the large recurrent lesions in the bilateral submandibular, sublingual, parapharyngeal, and anterior cervical regions + bilateral neck lymph node dissection + partial resection of the bilateral mandible + free lateral thigh flap reconstruction + tracheostomy",2,1,0,Tongue,Thigh,2,1,0,0,0,0,/,0,0,281,281
387193,0,88,73,167,0,0,0,Radical Surgery for Left Tongue Cancer + Free Anterolateral Thigh Flap Reconstruction + Tracheostomy,3,2,0,Tongue,Thigh,1,1,0,0,0,0,0,0,0,Not recurred,1878
388119,0,53,71.5,173,0,0,0,Extended excision of malignant tumor on the left cheek + partial mandibulectomy + neck lymph node dissection + transfer of a medial lower leg flap for reconstruction + skin graft from the abdomen + tracheostomy,2,1,0,Gingiva & Jaw,Leg,1,1,1,0,0,0,0,/,/,Not recurred,1419
389359,1,45,50.5,156,0,0,0,Radical Surgery for Left Tongue Cancer + Left Lower Leg Flap Reconstruction + Tracheostomy,2,1,0,Tongue,Leg,1,1,0,0,0,0,0,0,0,Not recurred,1879
389631,0,65,46,159,1,1,0,Extended resection of malignant tumor on the left tongue + left neck dissection + mandibular split + exploration of anterior lateral thigh perforator vessels + free transfer of right anterior lateral thigh flap + tracheostomy,3,2,0,Tongue,Thigh,1,1,0,0,0,0,0,0,0,Not recurred,1515
389647,1,56,60,155,0,0,0,Radical right tongue cancer surgery + bilateral neck dissection + free left anterolateral thigh flap transfer repair + tracheostomy,3,2,0,Tongue,Thigh,2,1,0,0,0,0,0,0,0,Not recurred,1261
389865,0,43,70,168,1,1,1,Radical Resection of Right Tongue Cancer + Neck Lymph Node Dissection + Tracheostomy + Transfer of Left Anterolateral Thigh Flap for Reconstruction + Mandibular Osteotomy + Internal Fixation with Titanium Plates and Screws,2,1,0,Tongue,Thigh,2,1,0,0,0,0,0,0,0,239,239
390133,0,66,65,168,1,1,0,Radical Resection of Malignant Tumors in Both Buccal Regions + Neck Dissection + Tracheostomy + Fibula Myocutaneous Flap Transfer Repair + Mandibular Reconstruction + Titanium Plate and Screw Internal Fixation,2,1,0,Gingiva & Jaw,Fibula,2,1,0,0,0,1,0,0,0,Not recurred,1072
390541,1,49,45,/,0,0,0,Radical Resection of Right Tongue Cancer + Transfer and Repair with Left Calf Medial Flap + Tracheotomy,2,1,0,Tongue,Leg,2,1,0,0,0,0,0,0,0,Not recurred,1769
390554,1,63,39,150,0,0,0,Left Tongue Malignant Tumor Resection + Bilateral Neck Dissection + Free Left Anterolateral Thigh Flap Transfer Repair + Tracheostomy,3,2,0,Tongue,Thigh,2,1,0,0,0,0,0,0,0,Not recurred,1213
393815,1,67,60,157,1,1,0,Total Tongue Cancer Radical Surgery + Bilateral Neck Lymph Node Dissection + Anterolateral Thigh Flap Transfer Repair Surgery + Tracheostomy,2,1,0,Tongue,Thigh,2,1,0,0,0,1,0,0,0,Not recurred,1782
393823,0,63,48,/,0,0,0,Radical Resection of Right Tongue Cancer + Left Forearm Flap Reconstruction + Tracheostomy,2,1,0,Tongue,Arm,1,1,0,0,0,0,/,0,0,Not recurred,2216
394717,0,34,56,164,0,0,0,The left cheek recurrent malignant tumor extended resection + partial left mandibulectomy + free anterolateral thigh flap transfer repair,2,1,0,Gingiva & Jaw,Thigh,0,0,0,0,0,0,0,1,1,801,801
394882,0,69,75,170,0,1,0,Tracheotomy + Radical Resection of Left Tongue Cancer + Free Anterolateral Thigh Flap Reconstruction,3,2,0,Tongue,Thigh,1,1,0,0,0,0,0,0,0,Not recurred,1933
396395,1,69,59,150,0,0,0,"Extended excision of malignant tumor in the right lower lip, mandible, and floor of mouth + free transfer of left fibula musculocutaneous flap for defect repair + tracheostomy",3,2,0,Gingiva & Jaw,Fibula,1,1,0,0,0,0,0,0,0,Not recurred,1648
397041,1,78,57,149,0,0,0,"Radiation therapy for malignant tumor of the right lower gingiva and oropharynx, radical resection + partial mandibulectomy + neck dissection + fibula free flap transfer repair + tracheostomy",3,2,0,Gingiva & Jaw,Fibula,1,1,0,0,0,0,0,/,/,Not recurred,1318
397415,0,58,72.5,165,1,1,0,Right pharyngeal cancer extended resection + right neck lymph node dissection + left forearm flap repair + tracheostomy,2,1,0,Oropharynx & Palate,Arm,1,1,0,0,0,0,/,0,0,Not recurred,2154
399955,1,36,67,153,0,0,0,Left Tongue Cancer Recurrence Lesion Extended Resection + Bilateral Neck Lymph Node Dissection + Anterolateral Thigh Flap Reconstruction + Tracheostomy,0,1,0,Tongue,Thigh,2,1,0,0,0,0,0,0,0,1595,1595
400799,0,54,39,156,1,1,0,Radical Surgery for Bilateral Tongue and Floor of Mouth Cancer + Transfer of a Pedicled Flap from the Medial Aspect of the Left Leg + Tracheostomy,3,2,0,Tongue,Thigh,2,1,0,0,0,1,0,/,/,Not recurred,1862
402038,0,70,92,175,1,1,0,Radical Surgery for Left Tongue Cancer + Neck Dissection + Repair with Right Anterolateral Thigh Flap,1,2,0,Tongue,Thigh,1,1,0,0,0,1,/,0,0,Not recurred,1168
402317,0,64,74,170,1,1,1,Radical Surgery for Left Buccal Cancer + Repair with Left Forearm Flap,3,2,0,Buccal Mucosa,Arm,1,0,0,0,0,0,/,0,0,Not recurred,2241
402789,0,60,51,172,1,1,0,Radical left buccal cancer resection + bilateral supraclavicular neck lymph node dissection + mandibular split + submental flap transfer repair + tracheostomy,1,2,0,Gingiva & Jaw,Other,2,1,0,0,0,0,0,0,0,282,282
402820,0,66,72,173,1,1,0,Radical Resection of Right Tongue Cancer + Right Cervical Lymph Node Dissection + Transfer of a Pedicle Flap from the Medial Side of the Left Leg + Tracheostomy,3,2,0,Tongue,Leg,1,1,0,0,0,1,/,0,0,Not recurred,1192
403504,1,74,57,165,0,0,0,Radical Resection of Left Mandibular Gingival Carcinoma + Free Transfer of Left Fibula Myocutaneous Flap for Reconstruction + Tracheotomy,2,1,0,Gingiva & Jaw,Fibula,1,1,0,0,0,0,/,1,1,Not recurred,1223
403598,0,62,45,167,0,0,0,Radical resection of bilateral tongue and floor of mouth malignant tumors + bilateral neck lymph node dissection + tracheotomy + left fibula fascia flap transfer repair + mandibular reconstruction + titanium scaffold implantation,3,2,0,Tongue,Fibula,2,1,0,0,0,0,0,0,0,Not recurred,1030
403958,0,65,45,162,0,0,0,Radical Resection of Floor of Mouth Cancer + Bilateral Neck Dissection + Left Fibula Flap Reconstruction + Tracheostomy,2,1,0,Floor of Mouth,Fibula,2,1,0,0,0,1,0,/,/,Not recurred,1269
405466,0,65,50,160,0,1,0,Extended Resection of Right Lower Gingival Cancer + Right Neck Lymph Node Dissection + Left Fibula Free Flap Transfer and Reconstruction + Tracheostomy,3,2,0,Gingiva & Jaw,Fibula,1,1,0,0,0,0,0,0,0,Not recurred,1536
406475,0,38,53.5,170,1,1,0,Radical surgery for left tongue cancer + left neck lymph node dissection + tracheostomy + free transfer of the left anterior lateral thigh flap for reconstruction,2,1,0,Tongue,Thigh,1,1,0,0,0,0,0,0,1,Not recurred,1173
406865,0,40,67,169,0,0,0,Extended Resection of Right Tongue Cancer + Neck Lymph Node Dissection + Anterolateral Thigh Flap Reconstruction + Preoperative Tracheostomy,0,1,0,Tongue,Thigh,1,1,0,0,0,0,0,0,0,Not recurred,1175
407211,0,49,68,158,0,0,0,"Extended Resection for Recurrent Cancer of the Mandibular Gingiva, Floor of Mouth, and Tongue + Left Pectoralis Major Myocutaneous Flap Reconstruction + Titanium Framework Reconstruction",3,2,0,Tongue,Other,0,0,0,0,0,0,0,0,0,1968,1968
407444,0,62,66.5,/,0,0,0,Radical Left Oropharyngeal Cancer Surgery + Left Lower Leg Medial Flap Transfer Repair Surgery + Tracheostomy,3,2,0,Oropharynx & Palate,Thigh,1,1,1,0,1,0,0,0,0,Not recurred,1779
407520,1,74,38,158,0,0,0,Left Tongue Cancer Lesion Extended Resection + Left Neck Lymph Node Dissection + Right Anterolateral Thigh Flap Reconstruction + Tracheostomy,2,3,0,Tongue,Thigh,1,1,0,0,0,0,0,/,/,Not recurred,1113
407765,0,74,57,163,0,0,0,Radical Resection of Malignant Tumor of the Right Maxillary Gingiva with Nasolabial Flap Transfer Repair,2,1,0,Gingiva & Jaw,Other,0,0,0,0,1,0,0,0,0,871,871
408458,0,39,63,169,0,0,0,Postoperative recurrence extended radical resection of right tongue cancer + bilateral neck lymph node dissection + left anterolateral thigh flap transfer repair + midline mandibular split + titanium plate and screw internal fixation + tracheostomy,3,2,0,Tongue,Thigh,2,1,0,0,0,0,0,0,0,207,207
409957,0,69,51,162,0,0,0,Extended Resection of Recurrent Squamous Cell Carcinoma in the Right Upper Palate + Left Anterolateral Thigh Flap Reconstruction + Tracheostomy,3,2,0,Oropharynx & Palate,Thigh,1,1,0,0,0,0,0,0,0,6,6
410212,0,62,52,156,0,0,0,Radical Resection of Right Tongue Floor Cancer + Neck Dissection + Tracheostomy + Left Fibula Free Flap Reconstruction,2,1,0,Tongue,Fibula,1,1,0,0,0,1,0,0,0,Not recurred,1103
410282,0,31,65,173,1,1,1,Radical resection of right tongue cancer + neck dissection + tracheostomy + mandibular split + titanium plate and screw internal fixation + transfer of medial leg flap for repair + skin graft from distal leg to repair proximal defect,2,1,0,Tongue,Leg,1,1,0,0,0,0,0,0,0,Not recurred,1177
410303,1,50,51,158,0,0,0,Radical Resection of Malignant Tumor on the Left Tongue + Neck Dissection + Transfer of Graft from the Medial Side of the Calf + Tracheostomy,2,1,0,Tongue,Thigh,1,1,0,0,0,0,0,0,0,Not recurred,1321
411069,0,57,50,160,0,0,0,Extended Resection of Left Tongue Cancer + Bilateral Neck Lymph Node Dissection + Tracheostomy,4,2,0,Tongue,No Flap,2,1,0,1,0,0,0,0,0,Not recurred,1528
412930,0,47,55,178,0,1,1,Extended excision of malignant tumor on the left lower lip and cheek + left neck lymph node dissection + repair with left free lateral leg flap + tracheostomy,2,1,0,Buccal Mucosa,Leg,1,1,0,0,0,0,/,0,0,Not recurred,1307
412937,1,39,41,153,0,0,0,Extended Resection of Right Tongue Cancer + Neck Lymph Node Dissection + Anterolateral Thigh Flap Reconstruction + Tracheostomy,0,1,0,Tongue,Thigh,1,1,0,0,0,0,0,0,0,Not recurred,1470
413969,0,49,58,170,0,1,0,"Extended Tongue Cancer Resection with Bilateral Neck Lymph Node Dissection, Left Anterolateral Thigh Flap Reconstruction, and Tracheostomy",2,1,0,Tongue,Thigh,2,1,0,0,0,0,/,0,0,Not recurred,1823
414308,0,70,55,160,0,0,0,Radical Resection of Left Tongue Cancer + Neck Dissection + Anterolateral Thigh Flap Reconstruction + Tracheostomy,1,2,0,Tongue,Thigh,1,1,0,0,0,0,0,0,0,50,50
415482,1,43,40,150,0,0,0,Radical Resection of Recurrent Lesion of Left Tongue Cancer + Bilateral Neck Lymph Node Dissection + Repair with Left Lower Leg Medial Flap + Tracheostomy,2,1,0,Tongue,Leg,2,1,0,0,0,0,0,0,0,1235,1235
415966,0,63,57,167,0,1,0,Extended Resection of Left Buccal Cancer + Free Anterolateral Thigh Flap Transfer + Left Neck Lymph Node Dissection,2,0,0,Buccal Mucosa,Thigh,1,1,0,0,0,0,/,0,0,Not recurred,1233
417284,0,54,60,165,1,1,0,Radical Resection of Right Lower Gingival Cancer + Neck Dissection + Left Free Fibula Flap Reconstruction + Tracheostomy,1,2,0,Gingiva & Jaw,Fibula,1,1,0,0,0,0,/,0,0,Not recurred,1588
417782,1,72,38,154,0,0,0,"Radical resection of malignant tumors in the bilateral maxilla, right cheek, and left mandible + right neck dissection + free transplantation of the right anterior lateral thigh flap for reconstruction + tracheostomy + left orbital floor reconstruction",3,2,0,Gingiva & Jaw,Thigh,1,1,0,0,0,0,0,1,1,259,259
418147,1,55,50.5,164,0,0,0,Right Tongue Cancer Radical Surgery + Left Anterolateral Femoral Free Flap Reconstruction + Tracheostomy,3,2,0,Tongue,Thigh,1,1,0,0,1,1,0,0,0,Not recurred,1087
418196,0,62,49,152,0,0,0,Radical Resection of Malignant Tumor in the Right Maxilla + Neck Dissection + Transfer of a Pedicled Flap from the Medial Side of the Leg + Skin Graft Harvesting from the Abdomen + Tracheostomy,3,2,0,Gingiva & Jaw,Leg,1,1,1,0,1,0,0,/,/,Not recurred,1335
420706,0,42,66,162,1,1,1,Radical Surgery for Left Tongue Cancer + Left Neck Dissection + Left Anterolateral Thigh Flap Reconstruction + Tracheostomy,2,1,0,Tongue,Thigh,1,1,0,0,0,1,0,0,0,68,68
421335,0,37,97,170,0,0,1,Extended Left Tongue Cancer Resection + Anterolateral Thigh Flap Free Transfer + Tracheostomy + Neck Lymph Node Dissection,1,1,0,Tongue,Thigh,1,1,0,0,0,1,0,0,0,Not recurred,1169
421807,1,56,47,154,0,0,0,Right Tongue Cancer Radical Surgery + Right Neck Lymph Node Dissection + Anterolateral Thigh Flap Reconstruction + Tracheostomy,1,2,0,Tongue,Thigh,1,1,0,0,0,0,0,1,1,Not recurred,1122
422753,0,49,57,163,1,1,0,Extended Resection of Malignant Tumor of the Left Soft Palate + Neck Lymph Node Dissection + Anterolateral Thigh Flap Reconstruction + Tracheostomy,2,1,0,Oropharynx & Palate,Thigh,1,1,0,0,0,0,/,0,0,Not recurred,2049
423009,0,44,52,170,1,1,0,The entire tongue malignant tumor extended resection + mandibular split + bilateral neck lymph node dissection + left thoracodorsal artery flap transfer repair + vascular anastomosis + absorbable plate and screw internal fixation + tracheotomy,2,1,1,Tongue,Other,2,1,0,0,1,0,0,0,0,205,205
424604,1,89,63,150,0,0,0,Radical Resection of Left Tongue Cancer with Neck Lymph Node Dissection,3,1,0,Tongue,No Flap,1,0,0,0,1,1,0,0,0,Not recurred,1139
424993,1,35,48,152,0,0,0,Extended Resection of Left Oropharyngeal Cancer + Right Free Fibula Flap Reconstruction,2,1,0,Oropharynx & Palate,Fibula,1,1,0,0,0,0,0,1,1,348,348
425624,0,59,55,168,1,1,0,Radical Resection of Right Buccal Cancer with Neck Dissection and Repair with Left Anterolateral Thigh Flap,2,1,0,Buccal Mucosa,Thigh,1,1,0,0,0,0,0,0,0,Not recurred,1130
427895,1,64,49,155,0,0,0,Extended Resection of Left Oropharyngeal Cancer + Neck Lymph Node Dissection + Anterolateral Thigh Flap Reconstruction + Tracheostomy,2,1,0,Oropharynx & Palate,Thigh,1,1,0,0,0,0,0,0,0,Not recurred,1544
428475,0,67,65,170,0,0,0,"Left cheek, left gingival malignant tumor resection + left mandiblectomy + left neck dissection + free right fibula flap transfer repair + tracheostomy",2,1,0,Gingiva & Jaw,Fibula,1,1,0,0,0,0,0,0,1,Not recurred,1066
429816,0,31,130,182,0,0,0,The right tongue malignant tumor radical resection + neck dissection + tracheostomy + left lower leg medial flap transfer repair + mandibular splitting + titanium plate and screw internal fixation,3,2,0,Tongue,Leg,1,1,0,0,0,0,0,0,0,Not recurred,1117
430759,0,59,68,172,1,0,0,Radical excision of the mass on the right tongue + neck dissection + tracheostomy + transfer of a flap from the medial aspect of the lower leg + mandibular split + internal fixation with titanium plates and screws,3,2,0,Tongue,Leg,1,1,0,0,0,1,0,0,0,119,119
431111,1,63,54,158,0,0,0,Right buccal lesion biopsy + Left buccal cancer radical surgery + Partial left maxillectomy + Block resection of the left mandible + Transfer of a flap from the medial aspect of the left lower leg + Tracheotomy,3,1,0,Gingiva & Jaw,Leg,1,1,0,0,0,0,0,0,0,Not recurred,1893
434536,0,65,70,170,0,0,0,Left lower gingival cancer extended resection + neck lymph node dissection + fibula flap reconstruction + tracheostomy,1,1,0,Gingiva & Jaw,Fibula,1,1,1,0,0,0,0,0,0,Not recurred,1366
434548,0,66,82.5,168,0,0,0,Radical resection of right oropharyngeal cancer + right neck lymph node dissection + tracheostomy + left fibula fascia flap transfer repair + titanium stent implantation + mandibular reconstruction,3,2,0,Gingiva & Jaw,Fibula,1,1,0,0,0,1,0,0,0,Not recurred,1040
434867,1,77,69.5,152,0,0,0,Extended Resection of Right Lower Gingival Cancer with Left Fibular Free Flap Reconstruction,3,2,0,Gingiva & Jaw,Fibula,1,1,0,0,0,1,/,0,0,Not recurred,2647
434981,1,54,72,155,0,0,0,Radical Resection of Left Maxillary Gingival Cancer + Left Neck Lymph Node Dissection + Tracheostomy + Transfer of Left Anterolateral Thigh Flap for Reconstruction,2,1,0,Gingiva & Jaw,Thigh,1,1,0,1,0,0,0,0,0,639,639
435271,0,72,50,160,0,1,0,Left Tongue Cancer Recurrence Extended Resection + Neck Lymph Node Dissection + Left Anterolateral Thigh Flap Transfer Repair + Tracheostomy,2,2,0,Tongue,Thigh,1,1,0,0,1,1,0,0,0,43,43
435303,1,34,61,163,0,0,0,Extended Left Tongue Cancer Resection + Neck Lymph Node Dissection + Anterolateral Thigh Flap Reconstruction + Tracheostomy,2,1,0,Tongue,Thigh,1,1,0,0,0,0,0,0,0,Not recurred,1154
435328,0,51,84,175,1,1,0,Radical surgery for bilateral oropharyngeal squamous cell carcinoma + bilateral partial mandibulectomy + bilateral neck dissection + tracheotomy + free left fibula composite myocutaneous flap transfer and reconstruction,3,2,0,Gingiva & Jaw,Fibula,2,1,0,0,0,1,0,1,1,Not recurred,1210
435831,0,60,62,168,0,1,0,Radical Right Tongue Cancer Surgery + Free Lateral Femoral Cutaneous Flap Repair + Tracheostomy,2,1,0,Tongue,Thigh,1,1,0,0,0,1,0,0,0,271,271
436993,0,53,76,162,0,0,0,Radical left buccal cancer resection + left neck dissection + partial mandibulectomy + free anterolateral thigh flap reconstruction + tracheostomy,2,1,0,Gingiva & Jaw,Thigh,1,1,0,0,0,0,0,0,0,Not recurred,1518
437276,0,51,69,168,0,1,1,The left pharyngeal cancer extended resection + left neck lymph node dissection + partial resection of the left upper and lower jaw bones + tracheotomy + free anterolateral thigh flap repair,2,1,0,Gingiva & Jaw,Thigh,1,1,0,0,0,0,0,0,0,Not recurred,1617
437492,0,59,60,169,0,1,0,Radical Surgery for Left Oropharyngeal Cancer + Free Transfer of the Left Anterolateral Thigh Flap for Reconstruction + Tracheostomy,2,1,0,Oropharynx & Palate,Thigh,1,1,0,0,0,1,0,0,0,Not recurred,1744
437764,0,67,55,160,1,1,0,Extended Resection of Left Tongue Cancer + Neck Lymph Node Dissection + Anterolateral Thigh Flap Reconstruction + Tracheostomy,2,1,0,Tongue,Thigh,1,1,0,0,0,0,0,/,/,Not recurred,1471
438137,0,51,64,/,0,0,0,Right Tongue Cancer Radical Surgery + Forearm Flap Repair Surgery + Tracheostomy,3,2,0,Tongue,Arm,1,1,0,0,0,0,/,0,0,Not recurred,1365
438164,1,64,44,152,0,0,0,Radical surgery for left upper pharyngeal cancer + left neck lymph node dissection + right anterolateral thigh flap reconstruction + tracheostomy,1,2,0,Oropharynx & Palate,Thigh,1,1,0,1,0,1,0,0,0,Not recurred,1916
438542,0,71,73,165,0,0,0,Radical Resection of Right Tongue Cancer + Neck Dissection + Tracheostomy + Transfer of a Graft from the Medial Aspect of the Calf,1,2,0,Tongue,Leg,1,1,0,0,1,0,0,0,0,Not recurred,1163
439797,0,61,66,167,1,1,0,"Extended Resection for Left Lower Gingivobuccal Cancer with Left Neck Lymph Node Dissection, Fibula Myocutaneous Flap Transfer Repair, and Tracheostomy",2,1,0,Buccal Mucosa,Fibula,1,1,0,0,0,0,0,0,0,Not recurred,1493
440176,0,61,80,170,1,1,0,"Extended excision of malignant tumor on the left upper gingiva and palate, left neck dissection, free transfer of the left anterolateral thigh flap for reconstruction, and tracheostomy",3,2,0,Gingiva & Jaw,Thigh,1,1,0,0,0,1,0,0,0,Not recurred,1338
440518,1,46,66,161,0,0,0,Radical Right Oropharyngeal Cancer Resection + Free Graft from the Medial Side of the Left Leg for Reconstruction + Tracheostomy,2,1,0,Oropharynx & Palate,Leg,1,1,0,0,0,0,/,0,0,Not recurred,2003
440644,0,57,75,170,0,0,0,Left pharyngeal tumor resection + left neck dissection + free anterolateral thigh flap transfer repair + tracheostomy,2,1,0,Oropharynx & Palate,Thigh,1,1,0,0,0,1,0,1,0,Not recurred,1256
441001,0,43,70,173,0,0,0,Right Tongue Mass Extended Resection with Neck Lymph Node Dissection and Preparation for Pectoralis Major Flap Free Transfer,2,3,0,Tongue,Other,1,1,0,0,1,0,0,0,0,Not recurred,1180
442189,1,67,43,156,0,0,0,Radical surgery for left tongue cancer + left neck dissection + free transfer of the left anterior lateral thigh flap for reconstruction + tracheostomy,2,1,0,Tongue,Thigh,1,1,0,0,0,0,0,0,0,311,311
442194,0,35,37,173,0,0,0,Radical excision of malignant tumor on the left cheek + neck dissection + transfer and repair with a pedicled free musculocutaneous flap from the inner side of the left lower leg + tracheostomy + partial resection of the upper and lower jaws,2,1,0,Gingiva & Jaw,Leg,1,1,0,0,0,0,0,0,0,202,202
442558,0,55,72.5,167,0,0,0,"The right tongue, floor of mouth malignant tumor extended resection + bilateral neck lymph node dissection + left anterolateral thigh free flap transfer repair + tracheotomy",3,2,0,Tongue,Thigh,2,1,0,0,0,0,/,0,0,Not recurred,1625
442696,0,75,65,156,0,1,0,Radical Resection of Bilateral Gingival Tumors + Bilateral Neck Dissection + Free Transfer of Left Anterolateral Thigh Flap for Reconstruction + Tracheostomy,3,2,0,Gingiva & Jaw,Thigh,2,1,0,0,0,0,0,0,0,Not recurred,1308
443587,0,44,72,172,0,0,0,Extended Resection of Tongue Base + Neck Lymph Node Dissection + Anterolateral Thigh Flap Reconstruction + Tracheostomy,3,2,0,Tongue,Thigh,1,1,0,0,0,0,0,0,0,Not recurred,1245
443798,0,45,65,163,0,1,0,Tracheostomy + Left Tongue Cancer Radical Surgery + Left Neck Dissection + Right Anterolateral Thigh Flap Reconstruction,2,1,0,Tongue,Thigh,1,1,0,0,0,0,/,0,0,Not recurred,1896
444815,0,59,49,163,0,1,0,Radical Surgery for Left Palatal Pharyngeal Cancer + Left Forearm Flap Reconstruction + Tracheostomy,2,1,0,Oropharynx & Palate,Arm,1,0,0,0,0,0,/,1,0,1397,1397
446293,0,54,56,159,1,1,0,"The excision of malignant tumors in the bilateral mandible and floor of mouth, excision of malignant tumor in the right tongue, bilateral neck lymph node dissection, left fibula fascia flap transfer repair, left anterolateral thigh flap transfer repair, occlusion reconstruction, and tracheotomy",3,3,0,Tongue,Thigh+Fibula,2,1,1,0,0,0,0,1,1,Not recurred,1081
446662,1,69,56,143,0,0,0,Radical Resection of Right Maxillary Sinus Cancer + Right Trapezius Flap Reconstruction + Tracheostomy,3,2,0,Gingiva & Jaw,Other,1,1,0,0,0,0,0,0,0,1793,1793
446830,1,77,56,156,0,0,0,Extended excision of malignant tumor in the right cheek + partial maxillectomy + neck dissection + anterolateral thigh flap transfer repair + tracheostomy,3,2,0,Gingiva & Jaw,Thigh,1,1,1,0,0,0,0,0,0,Not recurred,1391
447077,1,60,36,152,0,0,0,Radical Resection of Left Tongue Cancer + Repair with Right Anterolateral Thigh Flap + Tracheostomy,2,2,0,Tongue,Thigh,1,1,0,0,0,0,0,0,0,Not recurred,1777
447254,0,64,52,163,1,1,0,Radical Surgery for Left Tongue Cancer + Repair with a Pedicled Flap from the Inner Side of the Left Leg + Tracheostomy,3,2,0,Tongue,Leg,1,1,0,0,0,0,/,0,0,Not recurred,1215
448046,0,48,60,160,0,0,0,"Excision biopsy of left mandibular mass + extended resection of malignant masses in the left cheek, oropharynx, floor of mouth, and infratemporal fossa + total left parotidectomy + total left submandibular gland excision + total left mandibulectomy + subtotal left maxillectomy + intermaxillary traction + bilateral neck lymph node dissection + free transplantation of left anterolateral thigh flap for reconstruction + vascular anastomosis + tracheotomy",2,2,0,Gingiva & Jaw,Thigh,2,1,0,0,1,0,0,0,0,123,123
452026,1,51,64,168,0,0,0,The left cheek malignant mass extended resection + left mandibular block resection + left neck dissection + left lower pole parotidectomy with ligation + left submandibular gland resection + titanium plate and screw internal fixation + free anterolateral thigh flap transfer repair,2,1,0,Gingiva & Jaw,Thigh,1,1,0,0,0,0,0,/,/,Not recurred,1109
452168,1,64,63,/,0,0,0,Right tongue cancer radical resection + left lower leg medial flap transfer repair + tracheostomy,3,2,0,Tongue,Leg,1,1,0,0,0,0,0,0,0,Not recurred,1683
452687,1,71,83,165,0,0,0,Radical resection of malignant tumor in the right tongue + right neck dissection + free anterior lateral thigh flap transfer repair + backup right anterior lateral thigh + tracheostomy,3,2,0,Tongue,Thigh,1,1,0,0,0,1,0,0,0,Not recurred,1380
455101,1,58,59,/,0,0,0,Radical surgery for tongue squamous cell carcinoma + right-sided functional lymph node dissection + left forearm flap transfer repair + abdominal skin grafting + tracheostomy,2,1,0,Tongue,Arm,1,1,0,0,0,0,/,1,1,672,672
455262,0,57,58,164,1,1,0,Left buccal cancer radical resection + left neck lymph node dissection + tracheostomy + left anterior lateral thigh flap transfer repair + partial mandibulectomy + titanium plate internal fixation,3,2,0,Gingiva & Jaw,Thigh,1,1,0,0,0,0,0,/,/,Not recurred,1019
456413,1,64,50.5,150,0,0,0,Radical Resection of Right Lower Gingivobuccal Cancer + Right Neck Dissection + Left Fibula Flap Reconstruction,2,1,0,Buccal Mucosa,Fibula,1,1,0,0,0,1,0,1,1,70,70
456592,1,24,40,157,0,0,0,Radical right oropharyngeal cancer surgery + neck dissection + anterolateral thigh flap reconstruction + tracheostomy,1,2,0,Oropharynx & Palate,Thigh,1,1,0,0,1,0,0,0,0,Not recurred,1640
457251,0,59,66,166,1,1,0,Right tongue mass extended excision + neck dissection + anterolateral thigh flap repair + tracheostomy,3,2,0,Tongue,Thigh,1,1,0,0,0,0,/,0,0,Not recurred,1366
460610,0,62,80,168,0,1,0,Radical resection of left oral floor malignant tumor + partial resection of left mandible + neck dissection + free transplantation of right fibula musculocutaneous flap for reconstruction + tracheostomy,2,1,0,Gingiva & Jaw,Fibula,1,1,0,0,0,0,0,0,0,176,176
462733,0,74,70,170,0,1,0,Extended resection of malignant tumor in the left oropharynx + subtotal left maxillectomy + left neck dissection + midline split of the mandible + tracheostomy + free anterolateral thigh flap transfer for reconstruction,3,2,0,Gingiva & Jaw,Thigh,1,1,0,0,0,0,0,0,0,Not recurred,1077
463799,1,66,51,156,0,1,0,Theatric excision of oral floor cancer + bilateral neck lymph node dissection + free fibula graft reconstruction + tracheostomy,0,0,0,Other,Fibula,1,1,0,0,0,1,/,/,/,Not recurred,1203
463852,0,52,64,168,0,1,0,Right tongue cancer extended resection + right neck lymph node dissection + left anterior lateral thigh flap transfer repair + tracheostomy,2,1,0,Tongue,Thigh,1,1,0,0,0,0,/,0,0,1987,1987
464197,1,64,56,156,0,0,0,Extended Resection of Right Lower Gingivobuccal Cancer + Neck Lymph Node Dissection + Fibula Flap Reconstruction + Tracheostomy,2,1,0,Buccal Mucosa,Fibula,1,1,0,0,0,0,/,0,0,Not recurred,1212
465548,0,59,62.5,166,0,1,0,Right Tongue Cancer Radical Surgery + Right Neck Dissection + Anterolateral Thigh Flap Repair + Tracheostomy,3,2,0,Tongue,Thigh,0,1,0,0,0,1,0,0,0,4,4
465698,0,72,59,163,0,1,0,Right facial recurrent cancer extended resection + right mandibular segmental resection + titanium scaffold implantation + right pectoralis major flap repair + tracheostomy,3,2,0,Gingiva & Jaw,Other,0,1,0,0,0,1,0,0,0,4,4
466175,0,81,60,160,0,0,0,Radical Surgery for Left Mandibular Gingival Cancer + Right Fibula Myocutaneous Flap Reconstruction + Tracheostomy,3,2,0,Gingiva & Jaw,Fibula,1,0,1,0,0,1,/,0,0,Not recurred,1795
466180,1,54,77.5,158,0,0,0,Right Tongue Recurrent Lesion Extended Resection + Right Pectoralis Major Flap Transfer Repair + Bilateral Neck Dissection + Tracheostomy,1,0,0,Tongue,Other,2,1,0,0,0,0,/,0,0,1197,1197
466418,1,70,54,154,0,0,0,Radical Resection of Left Buccal Cancer + Left Neck Dissection + Free Transfer of Left Anterolateral Thigh Flap for Reconstruction,3,1,0,Buccal Mucosa,Thigh,1,0,0,0,0,0,0,0,0,Not recurred,1119
466604,0,46,57,168,0,1,1,Extended Resection of Left Tongue Cancer + Neck Lymph Node Dissection + Anterolateral Thigh Flap Reconstruction + Tracheostomy,2,1,0,Tongue,Thigh,1,1,0,0,0,0,0,0,0,Not recurred,1415
466985,0,43,80,175,1,1,1,Radical Resection of Malignant Tumor in the Right Maxilla + Resection of Left Cheek Mass + Neck Dissection + Tracheostomy + Left Fibula Myocutaneous Flap Reconstruction,2,1,0,Gingiva & Jaw,Fibula,1,1,0,0,0,0,0,0,0,Not recurred,1101
467837,0,52,60,165,1,1,0,Radical left tongue cancer surgery + bilateral neck dissection + free left anterolateral thigh flap transfer repair + tracheostomy,2,1,0,Tongue,Thigh,2,1,1,0,0,0,/,0,0,Not recurred,1076
468047,0,57,68,174,1,0,0,Right Tongue Cancer Extended Resection + Neck Lymph Node Dissection + Medial Calf Flap Transfer Repair + Tracheostomy,2,1,0,Tongue,Thigh,1,1,0,0,0,1,0,0,0,Not recurred,1106
468418,1,56,61,160,0,0,0,Right Tongue Mass Extended Resection + Right Neck Dissection + Left Anterolateral Thigh Flap Transfer Repair + Tracheostomy,3,1,0,Tongue,Thigh,1,1,0,0,0,1,0,/,/,Not recurred,984
469019,1,80,45,150,0,0,0,Radical Surgery for Recurrent Cancer of the Left Buccal Region + Lymph Node Dissection of the Left Buccal Region + Repair with Left Sternal Head Muscle Flap + Tracheostomy,4,2,0,Buccal Mucosa,Other,1,1,0,0,0,1,/,0,0,230,230
469730,0,43,71,170,1,1,0,Right tongue cancer lesion extended resection + right neck lymph node dissection + left anterior lateral thigh flap repair + tracheostomy,2,1,0,Tongue,Thigh,1,1,0,0,0,1,0,0,0,Not recurred,1172
469903,1,44,51,160,0,0,0,The right buccal cancer extended resection + partial mandibulectomy + neck lymph node dissection + fibula fascia flap transfer repair + titanium plate and screw internal fixation + tracheostomy,2,1,0,Gingiva & Jaw,Fibula,2,1,0,0,0,0,0,/,/,Not recurred,1503
470332,0,56,64,167,1,1,0,Radical Surgery for Left Tongue Cancer + Neck Lymph Node Dissection + Anterolateral Thigh Flap Reconstruction + Tracheostomy,2,2,0,Tongue,Thigh,1,1,0,0,0,0,/,/,/,Not recurred,1588
470379,1,64,40,153,0,0,0,Extended Resection of Right Maxillary Gingival Cancer + Functional Neck Lymph Node Dissection + Left Anterolateral Thigh Flap Reconstruction + Tracheostomy,2,1,0,Gingiva & Jaw,Thigh,1,1,0,0,0,0,/,0,0,Not recurred,1096
470903,0,45,80,168,0,1,0,Left Tongue Cancer Extended Resection + Left Neck Dissection + Left Thoracodorsal Artery Flap Repair + Vascular Anastomosis + Mandibular Osteotomy + Titanium Plate and Screw Internal Fixation + Tracheostomy,2,1,0,Tongue,Other,1,1,0,0,0,1,0,0,0,285,285
472449,0,48,65,170,0,0,0,Radical resection of left tongue cancer + neck dissection + transfer of medial leg flap for reconstruction + tracheostomy + mandibular split + internal fixation with titanium plates and screws,3,2,0,Tongue,Leg,1,1,0,0,0,0,0,0,0,Not recurred,1184
473549,0,75,57,168,0,0,0,Extended Tongue Cancer Resection + Bilateral Neck Lymph Node Dissection + Anterolateral Thigh Flap Reconstruction + Tracheostomy,2,1,0,Tongue,Thigh,2,1,0,0,0,0,0,0,0,Not recurred,1694
474982,1,82,49,148,0,0,0,Radical Left Buccal Cancer Resection + Left Neck Dissection + Anterolateral Thigh Flap Reconstruction + Tracheostomy,3,2,0,Buccal Mucosa,Thigh,1,1,0,0,0,1,0,0,1,Not recurred,1085
475473,0,65,70,170,0,1,0,Bilateral Neck Lymph Node Dissection + Tracheostomy,3,2,0,Other,No Flap,2,1,0,0,0,0,/,1,0,12,12
476103,0,38,50,170,0,1,1,"The excision of malignant tumor on the left cheek + total left mandibulectomy + bilateral neck lymph node dissection + bilateral submandibular gland excision + bilateral inferior pole resection of parotid glands with ligation + extraction of 14, 15, 26, 27, 48 + intermaxillary traction on both sides + transfer of left anterior lateral thigh flap for reconstruction + tracheostomy",3,2,0,Gingiva & Jaw,Thigh,2,1,0,0,0,0,0,/,/,Not recurred,977
477595,1,59,55,149,0,0,0,The left maxillary squamous cell carcinoma extended resection + left neck lymph node dissection + left anterolateral thigh free flap repair + tracheostomy,3,2,0,Gingiva & Jaw,Thigh,1,1,0,0,0,1,0,0,0,Not recurred,1696
480199,0,41,75,173,0,1,1,Extended Left Tongue Cancer Resection + Neck Lymph Node Dissection + Mandibular Splitting Surgery + Titanium Plate and Screw Internal Fixation + Medial Leg Flap Transfer Repair + Tracheostomy,3,2,0,Tongue,Leg,1,1,0,0,0,0,0,0,0,Not recurred,1249
480675,1,33,48,165,0,0,0,Extended Resection of Left Tongue Cancer + Neck Lymph Node Dissection + Anterolateral Thigh Flap Reconstruction + Tracheostomy,1,1,0,Tongue,Thigh,1,1,0,0,0,0,0,1,0,Not recurred,1309
480944,0,78,55,172,0,0,0,Right buccal cancer extended resection + neck lymph node dissection + left anterior thigh flap repair + tracheostomy,3,2,0,Buccal Mucosa,Thigh,1,1,0,0,1,1,0,0,/,Not recurred,1955
481173,1,70,50,165,0,0,0,Radical Resection of Right Tongue Cancer + Neck Dissection + Anterolateral Thigh Flap Reconstruction + Tracheostomy,2,2,0,Tongue,Thigh,1,1,0,0,0,1,0,0,0,Not recurred,1672
483115,0,49,74,170,0,1,0,Radical Surgery for Right Tongue Cancer + Left Forearm Flap Reconstruction + Tracheostomy,3,2,0,Tongue,Arm,1,1,0,0,0,0,/,0,0,Not recurred,2404
483283,0,41,60,166,0,1,1,"Intraoperative frozen section + radical resection of malignant tumor in left cheek, mandible, and floor of mouth + neck dissection + free transplantation of right fibula musculocutaneous flap for reconstruction + abdominal skin grafting + tracheostomy",2,1,0,Gingiva & Jaw,Fibula,1,1,0,0,0,0,0,0,0,90,90
484453,0,65,56,175,1,1,0,Right tongue cancer recurrent lesion extended resection + left anterolateral thigh flap transfer repair + tracheostomy,2,1,0,Tongue,Thigh,1,1,0,0,0,0,0,0,0,1627,1627
484898,1,31,46,153,0,0,0,Radical right tongue cancer resection + mandibular split + right neck lymph node dissection + right extended supraclavicular skin flap repair + absorbable plate and screw internal fixation + tracheotomy,2,0,0,Tongue,Other,1,1,0,0,0,0,0,0,0,242,242
488928,0,57,72,/,0,0,0,Radical left oropharyngeal cancer surgery + partial left maxillectomy + left lower leg medial flap reconstruction + tracheostomy,2,1,0,Gingiva & Jaw,Leg,1,1,0,0,0,0,/,0,0,Not recurred,1783
489571,0,44,65,168,1,1,0,The left tongue cancer extended resection + neck lymph node dissection + mandibular split + titanium plate and screw internal fixation + transfer of a flap from the medial side of the left lower leg + tracheostomy,2,1,0,Tongue,Leg,1,1,0,0,0,0,0,0,0,Not recurred,1439
489822,0,43,68,165,0,1,0,Radical Resection of Oropharyngeal Cancer + Neck Lymph Node Dissection + Anterolateral Thigh Flap Reconstruction + Tracheostomy,0,0,0,Oropharynx & Palate,Thigh,1,1,0,0,0,0,0,0,0,Not recurred,1051
489882,1,71,60,162,0,0,0,Extended excision of malignant tumor on the left tongue + left neck dissection + mandibular split + transfer of a flap from the medial aspect of the left lower leg + tracheotomy,3,2,0,Tongue,Leg,1,1,0,0,0,0,0,0,0,Not recurred,1390
490673,0,58,65,165,0,1,0,Radical resection of malignant tumor of the left maxilla + total resection of the left maxilla + left neck lymph node dissection + titanium mesh reconstruction of the left orbital floor + mandibular split + absorbable plate and screw internal fixation + left anterolateral thigh flap repair + vascular anastomosis + tracheotomy,2,0,0,Gingiva & Jaw,Thigh,1,1,0,0,1,0,0,0,0,330,330
493057,0,61,72,179,0,1,0,The right mandibular gingival cancer radical resection + neck lymph node dissection + left fibula fasciocutaneous flap transplantation repair + tracheostomy,1,1,0,Gingiva & Jaw,Fibula,1,1,0,0,1,0,0,0,0,Not recurred,1240
493283,0,/,/,/,0,0,0,/,0,0,0,Other,Other,0,0,0,0,0,0,0,0,0,Not recurred,1130
493761,1,71,43,148,0,0,0,Extended Resection of Left Lower Gingival Cancer + Left Neck Dissection + Free Transfer of Left Fibula for Reconstruction + Tracheostomy,3,2,0,Gingiva & Jaw,Fibula,1,1,1,0,0,1,/,0,0,Not recurred,1226
493763,0,67,68,165,1,1,0,Extended resection of malignant tumor in the left maxilla + exenteration of the left orbit + transfer of the left anterolateral thigh flap for reconstruction + tracheostomy,3,2,0,Gingiva & Jaw,Thigh,1,1,1,0,0,1,0,1,1,Not recurred,1673
494335,1,72,45,146,0,0,0,Postoperative recurrence expansion + titanium plate and screw removal + neck dissection + partial mandibular resection + left iliac bone flap repair + titanium scaffold implantation + vascular anastomosis + tracheostomy,3,2,0,Gingiva & Jaw,Other,1,1,0,0,0,0,0,0,0,6,6
494433,0,68,45,157,1,1,0,Right mandibular osteomyelitis excision + right lower gingival cancer resection + fibula flap reconstruction,3,3,0,Gingiva & Jaw,Fibula,1,1,0,0,0,0,/,0,0,1718,1718
494535,0,75,78,162,0,1,0,Radical Resection of Right Oropharyngeal Cancer + Cervical Lymph Node Dissection + Tracheostomy + Transfer of Left Anterolateral Thigh Flap for Reconstruction,3,2,0,Oropharynx & Palate,Thigh,1,1,0,0,0,0,/,0,0,Not recurred,1135
495077,0,49,52.5,170,1,1,1,Radical Resection of Left Oropharyngeal Cancer + Neck Dissection + Tracheostomy + Transfer of a Pedicled Flap from the Medial Aspect of the Left Lower Leg,2,1,0,Oropharynx & Palate,Leg,2,1,0,0,0,0,0,0,0,Not recurred,1154
495625,0,55,70,170,1,1,0,Extended excision of sublingual mass + bilateral neck lymph node dissection + mandibular split + submental flap transfer repair + titanium plate and screw fixation + tracheostomy,3,2,0,Tongue,Other,2,1,0,0,0,1,0,0,0,1566,1566
496364,1,50,55,157,0,0,0,Extended Resection of Malignant Tumor in Left Tongue and Floor of Mouth + Left Neck Dissection + Tracheostomy + Free Transfer of Left Anterolateral Thigh Flap for Reconstruction,3,2,0,Tongue,Thigh,1,1,0,0,0,1,/,0,1,Not recurred,1151
497029,1,49,75,165,0,0,0,Radical right tongue cancer resection + right neck dissection + lower leg flap + tracheostomy,2,1,0,Tongue,Leg,1,1,0,0,0,0,0,0,0,Not recurred,1664
498708,0,47,83,176,1,0,0,Radical Resection of Malignant Tumor on the Left Tongue + Neck Dissection + Tracheostomy + Transfer of a Pedicled Flap from the Medial Side of the Left Lower Leg + Osteotomy of the Mandible + Internal Fixation with Titanium Plates and Screws,2,1,0,Tongue,Leg,1,1,0,0,0,0,0,0,0,Not recurred,1110
499678,0,59,64,157,1,0,1,Right Tongue Cancer Extended Resection + Neck Lymph Node Dissection + Anterolateral Thigh Flap Reconstruction + Tracheostomy,2,2,0,Tongue,Thigh,1,1,0,0,0,0,0,0,0,Not recurred,1204
499748,0,41,84,163,0,1,1,"The right buccal cancer extended resection + neck lymph node dissection + left anterior lateral thigh flap + extraction of 44, 45, 46, and 48",1,1,0,Buccal Mucosa,Thigh,1,1,0,0,0,0,/,0,0,Not recurred,1169
499849,1,70,51,153,0,0,0,Radical Left Buccal Cancer Resection + Partial Mandibulectomy + Left Neck Lymph Node Dissection + Right Fibula Free Flap Transfer Repair + Tracheostomy,2,1,0,Gingiva & Jaw,Fibula,1,1,0,0,0,0,0,0,0,Not recurred,1521
499872,0,54,80,175,0,0,0,Radical Resection of Left Tongue Cancer + Neck Dissection + Transfer of Graft from the Medial Side of the Lower Leg + Tracheostomy,2,1,0,Tongue,Leg,1,1,0,0,0,0,0,0,0,6,6
500181,0,28,82,167,1,0,1,Radical resection of right tongue cancer + right neck lymph node dissection + tracheotomy + transfer of left lower leg medial flap for reconstruction + mandibular split + internal fixation with titanium plates and screws,2,1,0,Tongue,Leg,1,1,0,0,0,0,0,0,0,Not recurred,1011
501287,0,66,59,/,0,0,0,Radical right buccal cancer surgery + partial resection of the right maxilla and mandible + repair with a left lower leg medial flap + tracheostomy,3,2,0,Gingiva & Jaw,Leg,1,1,0,0,0,0,/,0,0,Not recurred,1150
502358,0,54,71,173,1,1,1,Right floor of mouth cancer extended resection + neck lymph node dissection + anterolateral thigh flap repair + tracheostomy,3,2,0,Floor of Mouth,Thigh,1,1,0,0,0,0,/,0,0,Not recurred,1494
502512,0,59,62,170,1,1,0,Extended excision of malignant tumor in right floor of mouth + neck dissection + mandibular split + transfer of lateral leg flap for reconstruction + tracheostomy,3,2,0,Gingiva & Jaw,Leg,1,1,0,0,0,0,/,0,0,Not recurred,1189
504545,1,62,63,163,0,0,0,Radical Surgery for Left Tongue Cancer + Repair with Left Lower Leg Medial Flap + Tracheostomy,2,1,0,Tongue,Leg,1,1,0,0,0,0,0,0,0,Not recurred,1372
504711,1,83,65,148,0,0,0,Radical Right Buccal Cancer Surgery + Neck Dissection + Anterolateral Thigh Flap Reconstruction + Tracheostomy,1,1,0,Buccal Mucosa,Thigh,1,1,0,0,1,0,0,0,/,Not recurred,1834
505232,0,59,59,163,1,1,0,Radical Resection of Lower Gingival Cancer + Neck Dissection + Tracheostomy + Fibula Free Flap Reconstruction + Graft Repair + Partial Mandibular Reconstruction + Occlusal Reconstruction,2,1,0,Gingiva & Jaw,Fibula,1,1,0,0,0,0,0,0,1,Not recurred,1107
505637,0,73,69,170,0,1,0,Radical Right Tongue Cancer Surgery + Right Neck Lymph Node Dissection + Left Posterior Tibial Artery Flap Repair + Tracheostomy,3,2,0,Tongue,Leg,1,1,0,0,0,0,0,0,0,Not recurred,1694
506764,0,51,60,167,0,1,0,Left Tongue Malignant Tumor Resection + Bilateral Neck Lymph Node Dissection + Mandibular Splitting + Absorbable Plate and Screw Internal Fixation + Left Anterolateral Thigh Flap Repair of Tongue Defect + Injection of Spermine into Adjacent Tumor Tissue + Tracheostomy,2,1,0,Tongue,Thigh,2,1,0,1,0,0,0,0,0,144,144
509532,0,66,57,170,0,0,0,Left Tongue Cancer Extended Resection + Left Neck Dissection + Anterolateral Thigh Flap Transfer + Tracheostomy,1,1,0,Tongue,Thigh,1,1,0,0,0,0,0,1,1,Not recurred,945
509781,0,60,55,165,0,0,0,Tracheostomy before surgery + radical resection of left oropharyngeal malignant tumor + left neck dissection + free transfer of left anterolateral thigh flap for reconstruction,3,2,0,Oropharynx & Palate,Thigh,1,1,1,0,0,0,0,/,/,Not recurred,1282
510073,0,44,69,170,1,1,0,Radical Resection of Left Upper Gingival Cancer + Left Neck Dissection + Anterolateral Thigh Flap Reconstruction + Preoperative Tracheostomy,3,2,0,Gingiva & Jaw,Thigh,1,1,0,0,0,1,0,0,0,Not recurred,1242
510935,1,42,50,156,0,0,0,Radical Resection of Left Tongue Cancer + Neck Dissection + Tracheostomy + Transfer of a Pedicled Flap from the Medial Aspect of the Left Lower Leg,2,1,0,Tongue,Leg,1,1,0,0,0,0,0,0,0,Not recurred,1143
511601,1,50,60,150,0,0,0,Radical Resection of Right Tongue Cancer + Anterolateral Thigh Flap Reconstruction + Tracheostomy,1,2,0,Tongue,Thigh,1,1,0,0,0,1,0,0,0,Not recurred,1728
512353,0,67,59,173,1,1,0,Extended Resection of Floor of Mouth + Neck Lymph Node Dissection + Fibula Flap Reconstruction + Tracheostomy,3,2,0,Floor of Mouth,Fibula,1,1,1,0,1,1,0,0,0,Not recurred,1899
512604,1,45,56,158,0,0,0,Extended Resection of Left Oropharyngeal Cancer + Neck Lymph Node Dissection + Right Anterolateral Thigh Flap Reconstruction,3,0,0,Oropharynx & Palate,Thigh,1,1,0,0,0,0,0,0,0,218,218
513054,1,59,68,160,0,1,0,Radical left buccal cancer resection + left neck dissection + right anterolateral thigh flap reconstruction + tracheostomy,2,1,0,Buccal Mucosa,Thigh,1,0,0,0,0,0,0,0,0,Not recurred,1149
514137,0,26,63,170,0,1,0,Radical Resection of Right Tongue Cancer + Neck Dissection + Anterolateral Thigh Flap Reconstruction + Tracheostomy,2,2,0,Tongue,Thigh,1,1,0,0,0,0,0,0,0,Not recurred,1455
515722,1,70,58,168,0,0,0,Right gingivobuccal mass excision with left forearm flap repair and tracheostomy,3,2,0,Buccal Mucosa,Leg,1,1,1,0,0,0,/,0,0,Not recurred,2044
515855,1,42,/,/,0,0,0,Radical Surgery for Left Tongue Cancer + Transfer of a Pedicled Flap from the Inner Side of the Left Calf + Tracheotomy,0,0,0,Tongue,Other,0,0,0,0,0,0,0,0,0,6,6
516586,1,54,55,153,0,0,0,The right tongue cancer radical resection + neck lymph node dissection + tracheostomy + left lower leg medial flap transfer repair + mandibular splitting + titanium plate and screw internal fixation,3,2,0,Tongue,Leg,1,1,1,0,0,1,0,0,0,Not recurred,1064
516654,0,57,82,178,0,0,0,Excision of mass in right cheek and mandible + intraoperative frozen section + excision of mass in lower pole of right parotid gland + exploration of right common carotid artery + transfer of left fibula fascial flap for reconstruction + titanium stent implantation + titanium plate and screws internal fixation + tracheostomy,2,1,0,Gingiva & Jaw,Fibula,2,1,0,0,0,0,0,0,0,841,841
517482,0,54,64,164,0,0,0,Radical Surgery for Left Tongue Cancer + Transfer of a Pedicled Flap from the Inner Side of the Left Leg + Tracheostomy,3,2,0,Tongue,Leg,1,1,1,0,0,0,/,0,0,Not recurred,2044
517553,0,52,53,163,0,0,0,Extended Radical Resection for Right Sublingual Cancer + Neck Lymph Node Dissection + Left Fibula Myocutaneous Flap Transfer Repair + Tracheostomy,3,2,0,Tongue,Fibula,2,1,0,0,0,0,/,0,0,Not recurred,1523
518505,1,55,47,154,0,0,0,Extended left tongue cancer resection + left neck lymph node dissection + right anterior lateral thigh flap repair + midline mandibular split with titanium plate and screw internal fixation + tracheostomy,2,2,0,Tongue,Thigh,2,1,0,0,0,0,0,0,0,Not recurred,1268
518607,0,54,50,160,1,1,0,The left cheek cancer radical resection + left neck lymph node dissection + tracheostomy + transfer of a flap from the inner side of the left lower leg + mandibular split + internal fixation with titanium plates and screws,2,1,0,Gingiva & Jaw,Leg,1,1,0,0,0,0,0,/,/,Not recurred,1044
519593,0,36,55,150,0,1,0,The expanded resection of malignant tumors of the bilateral hard palate + subtotal resection of the left maxilla + titanium mesh orbital floor reconstruction + left neck lymph node dissection + free anterolateral thigh flap repair of bilateral hard palate defects + tracheostomy,2,2,0,Gingiva & Jaw,Thigh,1,1,0,0,0,0,0,0,0,181,181
520748,0,67,78,168,1,0,0,Radical Surgery for Left Buccal Cancer + Free Anterolateral Thigh Flap Reconstruction + Tracheostomy,2,1,0,Buccal Mucosa,Thigh,1,1,0,0,0,0,0,0,0,Not recurred,1843
521233,0,34,72,166,0,0,0,Radical Surgery for Left Tongue Cancer + Repair with Left Anterolateral Thigh Flap + Tracheostomy,2,1,0,Tongue,Arm,1,1,0,0,0,0,/,0,0,Not recurred,2818
521854,0,47,65,177,1,0,1,"Extended excision of malignant tumors in the bilateral mandible, floor of mouth, lip, and cheek with neck dissection and right anterolateral thigh flap reconstruction",3,2,0,Gingiva & Jaw,Thigh,2,1,0,0,0,0,0,1,0,1666,1666
521912,1,78,53,158,0,0,0,Radical Resection of Left Upper Gingival Cancer + Left Neck Lymph Node Dissection + Right Anterolateral Thigh Flap Reconstruction + Tracheostomy,2,1,0,Gingiva & Jaw,Thigh,1,1,1,0,0,0,0,0,0,Not recurred,1208
522653,0,54,84,169,0,0,0,"Left Tongue Base Mass Excision with Bilateral Neck Lymph Node Dissection, Anterolateral Thigh Flap Reconstruction, and Tracheostomy",2,1,0,Tongue,Thigh,2,1,0,0,0,0,0,1,0,Not recurred,1888
522868,0,62,44,162,0,1,0,Radical surgery for left tongue cancer + transfer of a flap from the inner side of the left leg for repair + tracheostomy,3,2,0,Tongue,Leg,2,1,0,0,0,0,0,0,0,Not recurred,1524
525931,0,80,60,175,1,1,0,Left maxillary malignant tumor recurrence extended resection + left maxillectomy + left neck lymph node dissection + right neck lymph node dissection + mandibular split + left orbital floor titanium mesh reconstruction + left pectoralis major myocutaneous flap repair + absorbable plate and screw internal fixation + tracheostomy,2,2,0,Gingiva & Jaw,Other,2,1,1,0,0,0,/,0,0,7,7
526818,1,58,42.5,148,0,0,0,Left Tongue Malignant Tumor Resection + Left Neck Dissection + Free Left Anterolateral Thigh Flap Transfer Repair + Tracheostomy,2,1,0,Tongue,Thigh,1,1,0,0,0,0,0,0,0,Not recurred,1130
526834,0,49,58,165,1,1,1,Extended Resection of Right Maxillary Cancer + Neck Lymph Node Dissection + Anterolateral Thigh Flap Reconstruction + Tracheostomy,2,1,0,Gingiva & Jaw,Thigh,1,0,0,0,0,0,0,0,0,Not recurred,1546
528101,0,43,77,175,0,0,0,Radical resection of right tongue cancer + neck dissection + transfer of a flap from the medial side of the left lower leg for reconstruction + tracheostomy + mandibular split,2,1,0,Tongue,Leg,1,1,0,0,0,0,/,0,0,Not recurred,1226
529202,0,61,46,162,0,1,0,Left Tongue Tumor Extended Resection + Neck Dissection + Transfer of a Pedicled Flap from the Inner Thigh + Tracheostomy,3,2,0,Tongue,Thigh,1,1,0,0,0,0,/,0,0,Not recurred,1230
529530,0,64,55,172,1,1,0,Extended Resection of Left Lower Gingival Cancer + Left Neck Lymph Node Dissection + Transfer of Left Fibula Myocutaneous Flap for Reconstruction + Tracheostomy,2,1,0,Gingiva & Jaw,Fibula,2,1,0,0,0,1,0,0,0,Not recurred,1547
531478,1,77,55,/,0,0,0,Radical Resection of Left Mandibular Gingival Cancer + Left Fibula Myocutaneous Flap Reconstruction + Tracheostomy,3,2,0,Gingiva & Jaw,Fibula,1,1,0,0,0,0,/,0,0,Not recurred,2015
531739,0,36,91,182,0,1,1,Radical Surgery for Cancer of the Right Lower Gingiva + Free Left Fibula Osteocutaneous Flap Reconstruction + Tracheostomy,3,2,0,Gingiva & Jaw,Fibula,1,1,0,0,0,0,0,0,0,Not recurred,1788
532614,0,59,52,167,1,0,0,Extended Resection of Left Oropharyngeal Cancer + Free Fibula Flap Transplantation + Tracheostomy + Neck Lymph Node Dissection,3,2,0,Oropharynx & Palate,Fibula,1,1,0,0,0,0,0,0,0,Not recurred,1115
533025,1,49,64,152,0,0,0,Right tongue cancer radical resection + right neck dissection + midline split of the mandible + titanium plate and screw internal fixation + free lateral anterior thigh flap with vascular pedicle transfer repair + tracheostomy,3,2,0,Tongue,Thigh,1,1,0,0,0,0,0,0,0,Not recurred,1159
533305,0,55,56,165,1,1,0,Radical resection of bilateral floor of mouth cancer + bilateral neck lymph node dissection + tracheostomy + right fibula fascia flap transfer repair + mandibular reconstruction + titanium stent implantation,3,2,0,Gingiva & Jaw,Fibula,2,1,0,0,0,0,0,0,0,Not recurred,1012
536110,0,67,55,160,1,1,0,Radical resection of right tongue cancer + neck dissection + tracheostomy + transfer of left anterolateral thigh flap for reconstruction + mandibular split + internal fixation with titanium plates and screws,2,1,0,Tongue,Fibula,1,1,0,1,0,0,0,/,/,Not recurred,1135
541618,0,28,73,168,0,0,0,Radical Left Tongue Cancer Surgery + Neck Dissection + Right Anterolateral Thigh Flap Reconstruction + Tracheostomy,2,1,0,Tongue,Thigh,1,1,0,0,0,0,0,0,0,Not recurred,1857
543160,0,56,64,170,0,1,0,Left Tongue Cancer Lesion Extended Resection + Left Functional Cervical Lymph Node Dissection + Right Anterolateral Thigh Flap Preparation and Transfer for Repair of Left Tongue and Floor of Mouth Defect + Tracheostomy,2,1,0,Tongue,Thigh,1,1,0,0,0,0,/,0,0,Not recurred,1834
544214,1,69,55,166,0,0,0,Extended left tongue cancer resection + left forearm flap repair + skin graft from left lower leg + tracheostomy,2,1,0,Tongue,Arm,1,1,0,1,0,1,0,0,0,Not recurred,1214
544218,1,73,54,158,0,0,0,Radical right buccal cancer resection + bilateral neck dissection + tracheostomy + free left fibula fascia flap transfer repair + tracheostomy,3,2,0,Buccal Mucosa,Fibula,1,1,0,0,0,0,0,/,/,969,969
545085,0,58,58,172,1,1,0,Radical Surgery for Cancer of the Left Tongue and Floor of Mouth + Left Neck Dissection + Right Fibula Flap Reconstruction + Tracheostomy,2,1,0,Tongue,Fibula,1,1,0,0,0,0,0,0,0,630,630
545325,1,81,64.5,164,0,0,0,Extended Resection of Malignant Tumor in the Right Maxilla + Total Right Maxillectomy + Right Neck Lymph Node Dissection + Free Anterolateral Thigh Flap Reconstruction,3,2,0,Gingiva & Jaw,Thigh,1,0,1,0,0,1,0,0,0,Not recurred,1520
546167,0,25,82.5,168,0,0,0,Extended Resection of Malignant Tumor of the Right Tongue + Neck Dissection + Mandibular Splitting + Transfer of a Graft from the Medial Side of the Calf + Skin Graft from the Abdomen + Tracheostomy,2,1,0,Tongue,Leg,1,1,0,0,0,0,0,0,0,Not recurred,1142
546547,0,72,49,165,1,0,0,Right mandibular gingival cancer radical resection + right neck dissection + free fibula flap reconstruction + preoperative tracheostomy,1,1,0,Gingiva & Jaw,Fibula,1,1,0,0,0,0,/,1,/,Not recurred,2121
546678,0,53,51,167,0,1,0,Radical Resection of Malignant Tumor of the Left Lower Gingiva + Left Neck Lymph Node Dissection + Tracheostomy + Occlusal Reconstruction + Right Fibula Myocutaneous Flap Transfer Repair,2,1,0,Gingiva & Jaw,Fibula,1,1,0,0,0,0,0,/,/,Not recurred,1081
547136,1,66,61,161,0,0,0,Left Tongue Cancer Post-Operative Left Cervical Lymph Node Metastasis Resection with Cervical Lymph Node Dissection,2,0,0,Tongue,No Flap,1,0,0,0,0,0,/,/,/,Not recurred,1397
548457,1,37,50,155,0,0,0,Radical Resection of Right Tongue Cancer + Neck Lymph Node Dissection + Anterolateral Thigh Flap Reconstruction + Tracheostomy,3,2,0,Tongue,Thigh,1,1,0,0,0,0,0,0,0,Not recurred,1413
548468,0,68,46.5,156,0,0,0,"Right tongue cancer recurrence extended resection plus right lower trapezius flap repair, titanium stent reconstruction",3,2,0,Tongue,Other,1,1,0,0,0,0,/,1,0,2175,2175
548770,1,56,45,158,0,0,0,The right tongue cancer recurrent lesion extended resection + right neck lymph node dissection + mandibular split + left thoracodorsal artery perforator flap repair + vascular anastomosis + titanium plate and screw internal fixation + tracheotomy,2,2,0,Tongue,Other,1,1,1,0,0,1,/,1,1,1443,1443
549151,0,71,60,173,0,0,0,The right mandibular malignant tumor extended resection + bilateral neck lymph node dissection + left anterolateral thigh free flap repair + tracheostomy,2,1,0,Gingiva & Jaw,Thigh,2,1,0,0,0,0,/,0,0,Not recurred,1527
549623,0,56,85,165,1,1,0,Radical surgery for cancer of the floor of the mouth + bilateral neck lymph node dissection + excision of a large mass in the neck + left forearm flap reconstruction + tracheostomy,3,2,0,Other,Arm,2,1,0,0,0,0,/,0,0,412,412
550055,0,37,71,161,0,1,0,Radical Resection of Malignant Tumor on the Right Tongue + Neck Dissection + Mandibular Splitting + Transfer of a Graft from the Medial Calf + Tracheostomy,2,1,0,Tongue,Leg,1,1,0,0,0,0,0,/,/,Not recurred,1290
550615,1,48,60,157,0,0,0,Radical Resection of Right Tongue Cancer + Neck Dissection + Anterolateral Thigh Flap Reconstruction + Tracheostomy,2,0,0,Tongue,Thigh,1,1,0,0,0,0,0,0,0,Not recurred,1302
551357,1,56,59.5,153,0,0,0,Radical Right Tongue Cancer Surgery + Left Anterolateral Thigh Flap Reconstruction with Tracheostomy,3,2,0,Tongue,Arm,1,1,0,0,0,0,/,0,0,Not recurred,1533
551657,0,51,59,168,0,1,0,Right cheek cancer radical surgery + extended supraclavicular skin flap repair + tracheotomy + left cheek leukoplakia excision + graft repair,2,1,0,Buccal Mucosa,Other,1,1,0,0,0,0,/,0,0,1400,1400
552419,1,52,56,163,0,0,0,The left cheek malignant tumor extended resection + partial resection of the left maxilla + partial resection of the left mandible + titanium scaffold implantation + titanium plate and screws internal fixation + left neck lymph node dissection + transfer of the left anterior lateral thigh flap for reconstruction + tracheostomy,2,1,0,Gingiva & Jaw,Thigh,1,1,1,1,0,0,0,0,0,576,576
553200,0,43,99,173,1,0,1,Radical excision of left submandibular mass + neck lymph node dissection + tracheostomy + mandibular split,3,2,0,Gingiva & Jaw,No Flap,1,1,0,0,0,1,0,/,/,Not recurred,1243
554010,1,75,37.5,160,0,0,0,Radical resection of right maxillary gingival cancer + neck dissection + tracheostomy + transfer of medial leg flap for reconstruction + mandibular split + titanium plate and screw internal fixation,2,1,1,Gingiva & Jaw,Leg,1,1,0,0,0,1,0,0,0,Not recurred,1111
554914,0,74,55,168,1,1,0,Extended Resection of Malignant Tumor in Right Floor of Mouth + Right Neck Dissection + Bilateral Mandibular Splitting + Free Anterolateral Thigh Flap Transfer Repair + Tracheostomy,3,2,0,Gingiva & Jaw,Thigh,1,1,0,0,0,1,0,0,0,Not recurred,1494
555193,0,64,60,168,1,1,0,Extended excision of malignant tumor in the floor of mouth + neck lymph node dissection + fibula flap transfer repair + tracheostomy before surgery,3,2,0,Floor of Mouth,Fibula,1,1,1,0,0,1,0,1,1,Not recurred,1179
555543,0,58,51.5,168,0,0,0,Radical Right Tongue Cancer Surgery + Neck Lymph Node Dissection + Transfer of a Pedicled Flap from the Medial Side of the Left Calf for Reconstruction + Tracheostomy,3,2,0,Tongue,Thigh,2,1,0,0,0,0,0,0,0,Not recurred,1662
555939,1,47,53,156,0,0,0,Left Tongue Tumor Resection + Allogeneic Dermis Graft Repair + Bleomycin and Spermine Injection into Peritumoral Tissue,1,1,0,Tongue,Other,0,0,0,0,0,0,/,0,0,815,815
557187,0,38,70,162,0,0,0,Radical left buccal cancer resection + maxillectomy and mandibulectomy + bilateral modified radical neck dissection + anterolateral thigh flap reconstruction + tracheostomy,1,1,0,Gingiva & Jaw,Thigh,2,1,1,0,0,0,0,0,0,6,6
558433,1,63,62,163,0,0,0,Radical Resection of Malignant Tumor on the Right Tongue + Neck Dissection + Tracheostomy + Transfer of a Graft from the Medial Side of the Calf + Mandibular Osteotomy + Internal Fixation with Titanium Plates and Screws,2,0,0,Tongue,Leg,1,1,0,0,0,0,0,0,0,Not recurred,1076
559129,1,97,45,150,0,0,0,Left malignant tumor resection + left neck dissection + removal of left submandibular and sublingual glands + adjacent flap transfer for repair of left tongue defect,3,1,0,Tongue,No Flap,1,0,0,0,0,1,0,/,/,778,778
559560,1,39,39.5,140,0,0,0,Extended Resection of Left Buccal Cancer + Neck Lymph Node Dissection + Anterolateral Thigh Flap Reconstruction + Tracheostomy,2,1,0,Buccal Mucosa,Thigh,1,1,0,0,0,0,0,0,0,446,446
560147,0,70,56,157,1,1,0,Radical Resection of the Entire Tongue + Bilateral Neck Lymph Node Dissection + Tracheotomy + Transfer of the Left Anterolateral Thigh Flap for Reconstruction + Mandibular Osteotomy + Internal Fixation with Titanium Plates and Screws,2,1,0,Tongue,Thigh,2,1,0,0,1,0,0,/,/,Not recurred,1064
561424,0,70,75,171,0,0,0,Radical Surgery for Left Buccal Cancer + Partial Maxillectomy + Left Forearm Flap Reconstruction,3,2,0,Gingiva & Jaw,Arm,1,1,1,0,0,1,/,0,0,Not recurred,1998
564059,0,62,71,163,1,1,0,Tracheostomy + Radical Resection of Right Tongue Cancer + Neck Lymph Node Dissection + Left Anterolateral Thigh Flap Reconstruction,2,1,0,Tongue,Thigh,1,1,0,0,0,0,/,0,0,Not recurred,2011
566528,0,57,67,170,1,1,0,Radical Resection of Right Oropharyngeal Cancer + Neck Dissection + Transfer of Gastrocnemius Flap from the Medial Side of the Leg + Tracheostomy,2,1,0,Oropharynx & Palate,Leg,1,1,0,0,1,1,/,0,0,Not recurred,1248
566860,0,59,60,170,0,0,0,Right Tongue Mass Excision,3,1,0,Tongue,Thigh,0,0,0,0,0,1,0,/,/,Not recurred,1245
569176,0,78,66,168,1,1,0,Radical Resection of Left Buccal Cancer + Bilateral Neck Lymph Node Dissection + Left Fibula Flap Reconstruction,3,2,0,Buccal Mucosa,Fibula,2,1,1,0,0,1,/,0,0,Not recurred,1658
569366,0,67,60,167,0,0,0,Extended Resection of Tongue Floor Cancer with Transfer of a Pedicled Flap from the Medial Side of the Left Leg,2,1,0,Tongue,Leg,0,1,0,0,0,0,/,1,1,Not recurred,1545
569977,1,68,52,151,0,0,0,The left tongue malignant tumor radical resection + bilateral neck lymph node dissection + mandibular split + absorbable plate and screw internal fixation + submental flap transfer repair + tracheotomy,3,2,0,Tongue,Other,2,1,0,0,1,0,0,0,0,824,824
570153,1,69,60,160,0,0,0,Radical surgery for left lower gingival cancer + left neck lymph node dissection + partial resection of the left mandible + transfer of a left extended supraclavicular skin flap for reconstruction + tracheostomy,3,2,0,Gingiva & Jaw,Other,1,1,0,0,0,0,/,0,0,1685,1685
570672,0,54,72,169,0,0,0,Right cheek cancer extended resection + neck lymph node dissection + anterolateral thigh flap reconstruction + tracheostomy,1,2,0,Buccal Mucosa,Thigh,1,1,1,0,0,1,0,0,0,Not recurred,1511
570760,0,78,43,163,0,0,0,Radical Resection of Left Upper Gingival Cancer + Neck Lymph Node Dissection + Tracheostomy + Transfer of Left Anterolateral Thigh Flap for Reconstruction + Mandibular Osteotomy + Internal Fixation with Titanium Plates and Screws,3,2,0,Gingiva & Jaw,Thigh,1,1,0,0,0,0,0,0,0,Not recurred,1012
571692,1,64,62,/,0,0,0,Right anterior maxillary gingival cancer recurrence extended resection plus left forearm flap transfer repair,2,1,0,Gingiva & Jaw,Arm,1,0,0,0,0,0,/,0,0,3062,3062
572932,1,71,54,150,0,0,0,Left mandibulectomy + left neck dissection + partial left maxillectomy + graft repair + free fibula flap reconstruction + tracheostomy,2,2,0,Gingiva & Jaw,Fibula,1,1,1,0,0,1,0,0,/,Not recurred,1908
573812,0,38,72,168,0,1,1,Radical Resection of Left Buccal Cancer + Neck Dissection + Transfer of a Pedicled Flap from the Medial Side of the Left Calf,2,1,0,Buccal Mucosa,Leg,1,1,0,0,0,0,0,0,0,Not recurred,1198
574033,0,67,37,160,1,1,0,Radical resection of malignant tumors in the bilateral tongue and floor of mouth + neck dissection + mandibular split + partial mandibulectomy + transfer of left anterolateral thigh flap for reconstruction + tracheostomy,3,2,0,Tongue,Thigh,2,1,1,0,0,0,0,/,/,Not recurred,1300
575127,0,56,72,170,0,1,0,"Radical right oropharyngeal cancer resection with neck dissection, anterolateral thigh flap reconstruction, and tracheostomy",1,1,0,Oropharynx & Palate,Thigh,1,1,0,0,0,1,0,0,0,Not recurred,1769
575209,0,74,71,169,0,0,0,"Extended Resection of Left Lower Gingivobuccal Cancer with Neck Lymph Node Dissection, Right Fibula Flap Reconstruction, and Tracheostomy",3,2,0,Buccal Mucosa,Fibula,1,1,1,0,0,1,/,0,1,Not recurred,1155
575352,1,70,40,152,0,0,0,Radical Surgery for Left Tongue Cancer + Midline Osteotomy of the Mandible with Titanium Plate and Screw Internal Fixation + Repair with Left Pectoralis Major Myocutaneous Flap,2,3,0,Tongue,Other,1,1,0,0,0,0,/,0,0,Not recurred,3297
575818,1,67,43,149,0,0,0,Right Tongue Cancer Radical Resection + Left Lower Leg Medial Flap Transfer Repair + Tracheostomy,3,2,0,Tongue,Leg,1,1,1,0,0,1,0,0,0,Not recurred,1592
577531,0,52,67,167,0,1,0,Radical Resection of Malignant Tumor of the Upper Lip + Repair with Lower Lip Flap,2,0,0,Other,No Flap,0,0,1,0,0,1,0,0,0,Not recurred,1532
578045,1,46,49.5,155,0,0,0,Radical Resection of Right Tongue Cancer + Neck Dissection + Transfer of a Pedicled Flap from the Inner Side of the Left Leg + Mandibular Splitting + Tracheostomy,2,1,0,Tongue,Leg,1,1,0,0,0,0,/,0,0,Not recurred,1261
579363,1,30,50,163,0,0,0,Extended Resection of Left Tongue Cancer,2,1,0,Tongue,Thigh,1,1,0,0,0,0,0,0,0,Not recurred,1475
580076,0,69,55,162,0,1,0,Extended left tongue cancer resection + bilateral neck dissection + free left anterior thigh flap transfer repair + tracheostomy,3,2,0,Tongue,Thigh,2,1,0,0,0,0,0,/,/,Not recurred,1181
583505,0,/,/,/,0,0,0,/,0,0,0,Other,Other,0,0,0,0,0,0,0,0,0,Not recurred,1130
585295,1,52,55,164,0,0,0,"The right cheek malignant tumor extended resection + right maxillectomy (subtotal) + partial resection of the right mandible + bilateral neck dissection + bilateral submandibular gland excision + bilateral inferior parotidectomy with ligation + tracheostomy + free left fibular osteocutaneous flap + free anterolateral thigh flap transfer for reconstruction of the right cheek, upper and lower defects + mandibular reconstruction + titanium support placement + intermaxillary traction + skin graft from the abdomen",2,1,0,Gingiva & Jaw,Thigh,2,1,0,0,0,0,0,/,1,777,777
585478,1,40,47,155,0,0,0,Radical resection of left tongue cancer + neck dissection + tracheostomy + transfer of a flap from the inner side of the lower leg + mandibular split + internal fixation with titanium plates and screws,3,2,0,Tongue,Leg,1,1,0,0,0,0,/,0,0,Not recurred,1065
586796,1,50,44,150,1,0,0,Preoperative tracheostomy + left mandibular and mass resection + intraoperative frozen section + left lymph node dissection + right fibula fasciocutaneous flap repair,2,3,0,Gingiva & Jaw,Fibula,1,1,0,0,0,0,/,0,0,1665,1665
587007,0,71,61,170,1,1,0,Radical Resection of Left Buccal Cancer + Neck Dissection + Tracheostomy + Transfer of Medial Leg Flap for Reconstruction,2,1,0,Buccal Mucosa,Leg,2,1,1,0,0,1,0,0,0,Not recurred,1150
587831,0,27,83,177,1,1,1,Extended resection of malignant tumor of the entire tongue + bilateral neck lymph node dissection + left anterolateral thigh flap transfer repair + tracheostomy,2,1,0,Tongue,Thigh,2,1,0,0,0,0,0,0,0,Not recurred,1508
588072,1,46,55,150,0,0,0,Radical Resection of Right Tongue Cancer + Neck Dissection + Anterolateral Thigh Flap Reconstruction + Tracheostomy,0,0,0,Tongue,Thigh,1,1,0,0,0,0,0,0,0,Not recurred,1435
588675,0,52,51,160,1,1,0,Radical Resection of Malignant Tumor on the Left Tongue + Mandibular Splitting + Neck Dissection + Transfer of Lateral Thigh Flap for Reconstruction + Tracheostomy,2,1,0,Tongue,Thigh,2,1,0,0,0,0,0,0,0,Not recurred,1292
591296,1,88,/,/,0,0,0,Extended Resection of Left Lower Gingival Cancer + Left Neck Lymph Node Dissection + Left Fibula Myocutaneous Flap Reconstruction + Tracheostomy,3,2,0,Gingiva & Jaw,Fibula,1,1,0,0,1,0,0,0,0,Not recurred,1703
591907,1,72,62,148,0,0,0,Radical Surgery for Tongue Cancer + Bilateral Neck Dissection + Anterolateral Thigh Flap Reconstruction + Tracheostomy,4,2,0,Tongue,Thigh,2,1,0,0,0,1,0,0,0,Not recurred,1501
593507,0,75,60,168,0,0,0,"The left lower gingiva, buccal malignant tumor extended resection + left mandibular partial resection + left neck dissection + left submandibular gland excision + left inferior parotidectomy with ligation + free repair with left fibula osteocutaneous flap + skin graft from left abdomen to repair left lower leg defect + left mandibular reconstruction + tracheostomy",3,2,0,Gingiva & Jaw,Fibula,1,1,0,0,1,0,/,/,/,Not recurred,1200
595033,0,40,88,177,0,1,0,Right Tongue Cancer Extended Resection + Neck Lymph Node Dissection + Free Anterolateral Thigh Flap Reconstruction + Tracheostomy,2,0,0,Tongue,Thigh,1,1,0,0,0,0,0,0,0,Not recurred,1122
595037,0,71,70,169,0,0,0,Left Buccal Cancer Extended Resection + Neck Lymph Node Dissection + Anterolateral Thigh Flap Reconstruction + Tracheostomy,2,1,0,Buccal Mucosa,Thigh,1,1,0,0,0,1,0,/,/,Not recurred,1541
595078,1,63,49,160,0,0,0,"Extended Left Tongue Cancer Resection with Neck Lymph Node Dissection, Tracheostomy, and Free Anterolateral Thigh Flap Transfer",1,1,0,Tongue,Thigh,1,1,0,0,0,0,/,0,0,Not recurred,1221
595749,0,69,59,162,0,1,0,Right Tongue Cancer Extended Resection + Neck Lymph Node Dissection + Anterolateral Thigh Flap Reconstruction + Tracheostomy,1,2,0,Tongue,Thigh,1,1,0,1,0,0,0,/,/,Not recurred,1401
595835,0,47,58,170,0,0,0,Radical left tongue cancer resection + left neck dissection + mandibular split + left anterolateral thigh flap reconstruction + vascular anastomosis + titanium plate and screw internal fixation + tracheostomy,3,2,0,Tongue,Thigh,1,0,0,0,0,0,0,0,0,6,6
596757,1,68,50,150,0,0,0,"Extended left tongue cancer resection with neck lymph node dissection, anterolateral thigh flap reconstruction, and tracheostomy",2,1,0,Tongue,Thigh,1,1,0,1,0,0,/,0,0,Not recurred,1320
596908,1,89,48,160,0,0,0,The malignant tumor of the midline maxillary gingiva with extended resection plus subtotal resection of both maxillae,3,1,0,Gingiva & Jaw,No Flap,0,0,0,0,0,1,0,/,/,Not recurred,1122
597445,0,50,60,164,0,1,0,Extended Resection of Left Gingival Cancer + Left Neck Lymph Node Dissection + Anterolateral Thigh Flap Reconstruction + Tracheostomy,1,1,0,Gingiva & Jaw,Thigh,1,1,0,0,0,0,0,0,0,Not recurred,1092
597967,0,60,47.5,160,1,1,0,Extended Resection of Right Mandibular Gingival Cancer + Left Fibula Myocutaneous Flap Transfer and Reconstruction + Tracheostomy,3,2,0,Gingiva & Jaw,Fibula,1,1,0,0,0,1,0,0,0,Not recurred,1571
599572,0,41,68,180,1,1,1,Extended excision of malignant tumors on both sides of the tongue + bilateral neck lymph node dissection + ligation of the left external carotid artery + free vascularized anterolateral thigh flap transplantation for reconstruction + tracheostomy + preparation for skin graft from the left abdomen,2,1,1,Tongue,Thigh,2,1,1,0,0,1,0,0,0,Not recurred,1387
600677,0,39,70,172,0,1,1,The left mandibular gingival cancer extended resection + left buccal mucosa leukoplakia excision + left neck lymph node dissection + right fibula flap transfer repair + mandibular reconstruction + tracheostomy,2,2,0,Gingiva & Jaw,Fibula,1,1,0,0,0,0,0,0,0,69,69
601742,1,60,56,154,0,0,0,Right Tongue Cancer Extended Resection + Neck Lymph Node Dissection + Mandibular Splitting + Titanium Plate and Screw Internal Fixation + Medial Calf Flap Transfer Reconstruction + Tracheostomy,2,1,0,Tongue,Leg,1,1,0,0,0,0,0,0,0,Not recurred,1108
601748,0,/,/,/,0,0,0,/,0,0,0,Other,Other,0,0,0,0,0,0,0,0,0,Not recurred,1130
601863,0,71,49,167,1,1,0,The right tongue malignant tumor extended resection + bilateral neck dissection + bilateral neck vessel exploration + left thoracodorsal artery free flap transplantation repair + mandibular split + titanium plate and screw internal fixation + vascular anastomosis + tracheotomy,3,2,0,Tongue,Other,2,1,0,0,0,0,0,0,0,659,659
603613,1,58,65,160,0,0,0,Radical Resection of Tongue Cancer + Neck Lymph Node Dissection + Anterolateral Thigh Flap Reconstruction + Tracheostomy,0,0,0,Tongue,Thigh,1,1,1,0,0,1,0,0,0,Not recurred,1131
603930,1,54,59,163,0,0,0,Radical Left Tongue Cancer Surgery + Left Neck Dissection + Tracheostomy + Right Anterolateral Thigh Flap Reconstruction,2,1,0,Tongue,Thigh,1,1,0,0,0,0,0,0,0,Not recurred,1176
607854,1,60,53,162,0,0,0,Right tongue cancer extended resection + right neck lymph node dissection + preoperative tracheotomy + left anterolateral thigh flap repair,2,1,0,Tongue,Thigh,1,1,0,0,1,0,/,0,0,Not recurred,747
609064,0,52,76,173,0,0,0,Radical Resection of Malignant Tumor of the Left Upper Gingiva + Left Neck Dissection + Free Transfer of the Left Anterolateral Thigh Flap for Reconstruction + Tracheostomy,2,1,0,Gingiva & Jaw,Thigh,1,1,0,0,0,0,0,0,0,Not recurred,1328
609868,0,59,62,170,1,1,0,The extended resection of the entire tongue malignant tumor + bilateral neck lymph node dissection + midline mandibular split with titanium plate and screw internal fixation + left anterior lateral thigh flap reconstruction + tracheostomy,2,1,0,Tongue,Thigh,2,1,1,0,0,0,/,0,0,635,635
611265,0,64,65,160,0,0,0,Radical Left Buccal Cancer Surgery + Left Neck Lymph Node Dissection + Left Medial Calf Flap Reconstruction + Tracheostomy,2,1,0,Buccal Mucosa,Leg,1,1,0,0,0,0,/,0,0,Not recurred,1690
611720,0,42,70,178,0,0,0,Extended Resection of Malignant Tumor on the Left Tongue + Neck Dissection + Mandibular Splitting + Transfer of a Graft from the Medial Side of the Calf + Tracheostomy,2,1,0,Tongue,Leg,1,1,0,0,0,0,0,0,0,Not recurred,1289
611792,0,49,57,165,0,0,0,Radical Surgery for Right Tongue Cancer + Right Forearm Flap Reconstruction + Tracheostomy,2,1,0,Tongue,Arm,1,1,0,0,0,0,/,0,0,Not recurred,2241
613300,0,84,64,169,0,0,0,Radical Resection of Left Mandibular Gingival Cancer + Neck Dissection + Free Fibula Flap Reconstruction + Tracheostomy,1,1,0,Gingiva & Jaw,Fibula,1,1,0,0,0,0,0,0,/,Not recurred,1819
613656,0,47,65,165,0,0,0,Extended Resection of Tongue Cancer + Neck Lymph Node Dissection + Anterolateral Thigh Flap Reconstruction + Tracheostomy,2,1,0,Tongue,Thigh,1,1,0,0,0,0,0,0,0,Not recurred,1554
614872,0,80,48,164,0,1,0,Extended Resection of Left Tongue Cancer + Neck Lymph Node Dissection + Anterolateral Thigh Flap Reconstruction + Tracheostomy,4,2,0,Tongue,Thigh,1,1,0,0,1,1,/,0,0,Not recurred,1651
615021,0,62,66,165,1,1,0,Radical Resection of Recurrent Lesion of Left Tongue Cancer + Neck Lymph Node Dissection + Free Fibula Muscle Graft Transfer with Vascular Pedicle + Mandibular Reconstruction + Internal Fixation with Titanium Plates and Screws + Tracheostomy,3,2,0,Tongue,Fibula,1,1,1,0,0,1,0,0,0,966,966
615592,1,62,59.5,154,0,0,0,Radical resection of right tongue cancer + neck dissection + tracheostomy + transfer of medial leg flap for repair + mandibular split + internal fixation with titanium plates and screws + skin graft from the proximal part of the leg to repair distal skin defect,3,2,0,Tongue,Leg,2,1,1,1,1,1,0,0,0,Not recurred,1202
615645,0,53,70,175,1,1,0,Radical Surgery for Left Tongue Cancer + Left Forearm Flap Transfer Repair + Tracheostomy,3,2,0,Tongue,Arm,1,1,1,0,0,1,0,0,0,Not recurred,1447
616161,0,50,65,168,0,1,0,Radical resection of right tongue cancer + neck lymph node dissection + tracheostomy + transfer of a flap from the medial aspect of the left lower leg for reconstruction + mandibular split + internal fixation with titanium plates and screws,2,1,0,Tongue,Leg,1,1,0,0,0,0,0,0,0,Not recurred,1026
618451,0,58,71,169,0,0,0,Extended Resection of Left Lower Gingival Cancer + Neck Lymph Node Dissection + Partial Mandibulectomy + Fibula Free Flap Reconstruction + Tracheostomy,2,1,0,Gingiva & Jaw,Fibula,1,1,0,0,1,1,0,0,0,Not recurred,1383
618951,0,66,62,170,0,1,0,Radical Resection of Tongue Cancer + Bilateral Neck Lymph Node Dissection + Left Anterolateral Thigh Flap Reconstruction + Tracheostomy,1,1,0,Tongue,Thigh,2,1,0,0,0,1,0,0,0,Not recurred,1145
619773,0,63,79.5,171,0,0,0,Right cheek cancer extended resection + neck lymph node dissection + anterolateral thigh flap free transfer + tracheostomy,1,1,0,Buccal Mucosa,Thigh,1,1,0,0,0,1,0,0,0,476,476
619788,0,50,78,169,0,0,1,Left Tongue Cancer + Left Neck Dissection + Free Anterolateral Thigh Flap Transfer Repair,2,1,0,Tongue,Thigh,1,0,0,0,0,0,0,/,/,Not recurred,983
621825,1,84,35,148,0,0,0,"Extended Resection of Malignant Tumor in Right Buccal, Floor of Mouth, and Oropharynx + Subtotal Resection of Right Maxilla + Block Resection of Right Mandible + Internal Fixation of Mandible with Titanium Plates and Screws + Free Anterolateral Thigh Flap Transfer Repair + Tracheostomy",3,2,0,Gingiva & Jaw,Thigh,1,1,0,0,1,0,0,0,0,641,641
623459,0,72,53,166,0,0,0,Extended resection of malignant tumor of bilateral mandible + bilateral neck dissection + left fibula flap reconstruction + tracheotomy,3,1,0,Gingiva & Jaw,Fibula,2,1,0,0,0,0,0,0,0,Not recurred,1160
624332,1,60,42.5,158,0,0,0,"The patient underwent expanded resection of the recurrent lesion in the left cheek, total resection of the left mandible, partial resection of the left maxilla, left cervical lymph node dissection, right cervical lymph node dissection, titanium stent implantation, titanium plate and screws internal fixation, intermaxillary traction pins, left lower trapezius flap repair, lip flap transfer repair, and tracheostomy.",3,2,0,Gingiva & Jaw,Other,2,1,1,0,0,1,0,1,1,1354,1354
625203,1,65,56,161,0,0,0,"The partial resection of the left mandible, left neck lymph node dissection, excision of the left gingival cancer, removal of the left submandibular gland, preparation of a free left fibula musculocutaneous flap for reconstruction of the mandibular defect, internal fixation of the mandible with titanium plates and screws, vascular anastomosis (left fibular artery to left facial artery, left fibular vein to left facial vein)",2,1,0,Gingiva & Jaw,Fibula,1,1,1,0,0,0,0,0,0,Not recurred,1204
625252,0,42,52.5,170,0,0,0,Radical excision of malignant tumor on the left tongue + bilateral neck dissection + mandibular split + transfer of anterolateral thigh flap for reconstruction + tracheostomy,2,1,0,Tongue,Thigh,2,1,0,0,0,0,0,0,0,Not recurred,1297
625459,0,70,67.5,173,0,1,0,"Extended left tongue cancer resection with neck lymph node dissection, anterolateral thigh flap reconstruction, and tracheostomy",1,1,0,Tongue,Thigh,1,1,0,0,0,1,0,0,0,Not recurred,1415
625568,0,65,68,172,0,1,0,Extended Resection of Malignant Tumor in Left Tongue and Floor of Mouth + Left Neck Dissection + Tracheostomy + Free Transfer of Left Anterolateral Thigh Flap for Reconstruction,2,1,0,Tongue,Thigh,1,1,1,0,0,0,0,0,0,Not recurred,1151
625781,1,67,44,152,0,0,0,Radiation-free radical resection of the entire tongue + neck dissection + mandibular split + titanium plate and screw internal fixation + anterolateral thigh flap transfer repair + tracheostomy,2,1,0,Tongue,Thigh,2,1,0,0,0,0,0,0,0,Not recurred,1198
627363,0,54,59,156,1,1,0,Extended excision of bilateral floor of mouth malignant tumor + bilateral neck lymph node dissection + left medial leg flap repair + tracheostomy,2,1,0,Floor of Mouth,Leg,2,1,0,0,0,0,0,0,0,Not recurred,1652
627692,1,60,62.5,158,0,0,0,Radical Resection of Left Lower Gingival Cancer + Transfer and Repair with Left Fibula Myocutaneous Flap + Tracheostomy,3,2,0,Gingiva & Jaw,Fibula,1,1,0,0,0,0,0,0,0,Not recurred,1433
629294,0,41,50,155,0,1,0,Radical Surgery for Left Tongue Cancer + Repair with Left Anterolateral Thigh Flap + Tracheostomy,3,2,0,Tongue,Thigh,2,1,0,0,0,0,/,1,0,Not recurred,2861
630412,0,50,70,165,0,1,0,Extended resection of malignant tumors of the bilateral soft palate + subtotal resection of bilateral maxillae + bilateral neck dissection + tracheostomy + free anterolateral thigh flap transfer for reconstruction,3,2,0,Gingiva & Jaw,Thigh,0,1,1,0,0,0,0,0,1,Not recurred,1215
631140,1,37,48,155,0,0,0,Radical Right Tongue Cancer Surgery + Right Neck Dissection + Left Anterolateral Thigh Flap Reconstruction + Tracheostomy at the Surgical Site,2,1,0,Tongue,Thigh,1,1,0,0,0,0,0,1,1,Not recurred,1193
631207,0,73,46.5,/,0,0,0,Right tongue cancer extended resection + right neck lymph node dissection + left lower leg medial flap transfer repair + tracheostomy,3,2,0,Tongue,Leg,1,1,0,0,0,0,0,/,/,Not recurred,1528
631421,0,33,82,165,0,1,1,Radical resection of left tongue cancer + neck dissection + transfer of a flap from the medial side of the left lower leg for reconstruction + tracheostomy + mandibular split,2,1,0,Tongue,Leg,1,1,0,0,0,0,/,0,0,Not recurred,1141
631857,1,75,49,150,0,0,0,Right tongue cancer extended resection + right mandibular block resection + left anterolateral thigh flap repair + tracheostomy,3,2,0,Tongue,Thigh,1,1,0,0,0,0,0,0,/,Not recurred,1855
632485,0,51,64,165,1,0,0,Radical surgery for left tongue cancer + left neck dissection + left anterolateral thigh flap reconstruction + tracheostomy,2,1,0,Tongue,Thigh,1,1,0,0,0,0,0,0,0,Not recurred,1221
633316,0,65,44,150,1,1,0,Radical Resection of Malignant Tumor in the Left Floor of Mouth + Neck Dissection + Tracheostomy + Fibula Myocutaneous Flap Transfer Repair,3,1,0,Floor of Mouth,Fibula,1,1,0,0,0,1,0,0,0,Not recurred,1085
634229,0,69,70,170,1,1,0,Right lower gingival cancer + right neck dissection + free left fibula transfer reconstruction + tracheostomy,3,2,0,Gingiva & Jaw,Fibula,1,1,0,0,0,0,0,0,0,Not recurred,1124
634917,0,38,82,178,1,1,0,Extended Resection of Left Tongue Cancer + Neck Lymph Node Dissection + Anterolateral Thigh Flap Reconstruction + Tracheostomy,2,2,0,Tongue,Thigh,1,1,0,0,0,0,0,0,0,Not recurred,1374
634960,0,56,70,167,1,0,0,Radical Resection of Left Lower Gingival Cancer + Left Neck Dissection + Free Transfer of Left Fibula Flap for Reconstruction + Tracheostomy,3,2,0,Gingiva & Jaw,Fibula,1,1,0,0,0,0,0,0,0,Not recurred,1228
635791,1,62,67,163,0,0,0,Radical Resection of Right Tongue Cancer + Neck Dissection + Tracheostomy + Transfer of Graft from the Medial Side of the Calf + Mandibular Osteotomy + Internal Fixation with Titanium Plates and Screws,2,1,0,Tongue,Leg,1,1,0,0,0,0,0,0,0,Not recurred,1076
636936,1,55,49,149,0,0,0,Radical Tongue Cancer Resection + Left Anterolateral Thigh Flap Reconstruction + Tracheostomy,2,1,1,Tongue,Thigh,2,1,0,0,0,0,0,0,1,Not recurred,1872
637111,0,44,97,172,0,1,0,Extended Resection of Left Buccal Cancer + Neck Lymph Node Dissection + Anterolateral Thigh Flap Reconstruction,2,1,0,Buccal Mucosa,Thigh,1,1,0,0,0,0,0,0,0,Not recurred,1524
637911,1,71,51,147,0,0,0,Radical resection of left tongue cancer + neck lymph node dissection + mandibular split + titanium plate and screw internal fixation + tracheostomy + transfer of a flap from the medial aspect of the left lower leg for reconstruction,3,2,0,Tongue,Leg,2,1,0,0,0,1,0,0,0,Not recurred,1212
639390,1,68,77,160,0,0,0,Left cheek mass excision with neck lymph node dissection and left forearm flap repair,3,2,0,Buccal Mucosa,Arm,1,1,0,0,0,0,/,0,0,Not recurred,2108
639773,0,70,51,158,1,1,0,Extended radical resection of right tongue and floor of mouth cancer + bilateral neck lymph node dissection + transfer of a flap from the medial aspect of the left lower leg + block resection of the mandible + tracheostomy,2,1,0,Tongue,Leg,2,1,0,0,0,1,0,/,/,Not recurred,1544
640561,0,83,58,163,0,0,0,Radical Resection of Mass in Right Cheek + Neck Dissection + Transfer of Left Anterolateral Thigh Flap for Reconstruction + Tracheostomy,3,2,0,Buccal Mucosa,Thigh,1,1,0,1,0,1,0,0,0,Not recurred,1091
641488,0,66,65,170,0,0,0,Radical right gingivobuccal cancer resection + partial resection of the right maxilla and mandible + left anterolateral thigh flap reconstruction + tracheostomy,3,2,0,Gingiva & Jaw,Thigh,1,1,0,0,0,0,/,1,0,Not recurred,2157
641620,1,80,70,166,0,0,0,Radical Resection of Right Mandibular Gingival Cancer + Block Resection of Right Mandible + Reconstruction Plate Internal Fixation + Neck Dissection,3,1,0,Gingiva & Jaw,No Flap,1,0,1,0,1,1,0,0,0,Not recurred,1227
641793,1,66,52,157,0,0,0,Extended Left Tongue Cancer Resection + Neck Lymph Node Dissection + Anterolateral Thigh Flap Reconstruction + Tracheostomy,1,1,0,Tongue,Thigh,1,1,0,0,0,1,0,/,/,Not recurred,1415
642539,1,60,66,162,0,0,0,Extended left tongue cancer resection + neck lymph node dissection + midline mandibular split + transfer of a flap from the medial aspect of the left lower leg + tracheostomy,2,1,0,Tongue,Leg,1,1,0,0,0,0,0,0,0,Not recurred,1474
642549,0,55,69,160,0,0,0,Radiation-free radical resection of the right lower gingival cancer + neck dissection + tracheostomy + fibula myocutaneous flap transfer repair + mandibular reconstruction + occlusal reconstruction,3,2,0,Gingiva & Jaw,Fibula,1,1,1,0,0,1,0,0,0,Not recurred,1168
644172,0,62,75,162,0,1,1,The left mandibular gingival cancer radical resection + right buccal mass excision + subtotal maxillectomy + partial mandibulectomy + bilateral neck dissection + free right fibula composite myocutaneous flap transfer repair + tracheostomy,2,1,0,Gingiva & Jaw,Fibula,2,1,0,0,0,0,0,1,1,Not recurred,1226
647391,0,64,93,174,0,0,0,Radical Resection of Right Buccal Cancer + Transfer and Repair with Left Lower Leg Medial Flap + Tracheostomy,3,2,0,Buccal Mucosa,Leg,1,1,0,0,0,0,0,0,0,Not recurred,1785
648406,1,71,38.5,148,0,0,0,Radical Resection of Malignant Tumor on the Right Tongue + Radical Resection of Tumor on the Left Lower Lip + Neck Dissection + Anterolateral Thigh Flap Transfer Repair + Adjacent Flap Transfer Repair + Tracheostomy,3,2,0,Tongue,Thigh,2,1,0,0,0,0,0,/,/,Not recurred,1321
648791,1,71,50,150,0,0,0,Right Tongue Tumor Resection + Neck Dissection + Medial Leg Flap Transfer Repair + Tracheostomy,2,1,0,Tongue,Leg,1,1,1,0,0,0,0,0,0,6,6
650681,0,46,68,165,0,0,0,Radical Resection of Right Tongue Base Cancer with Neck Dissection and Left Anterolateral Thigh Flap Reconstruction,3,2,0,Tongue,Thigh,1,1,0,0,0,0,0,0,0,Not recurred,1504
650746,0,51,65,169,0,1,0,Left Tongue Cancer Radical Resection + Left Neck Dissection + Left Anterolateral Thigh Flap Reconstruction + Tracheostomy,2,0,0,Tongue,Thigh,1,1,0,0,0,0,0,0,0,Not recurred,1151
651036,1,46,47,160,0,0,0,Radical Resection of Right Tongue Cancer + Neck Dissection + Left Anterolateral Thigh Flap Reconstruction + Tracheostomy,1,2,0,Tongue,Thigh,1,1,1,0,0,0,0,0,0,471,471
651246,1,59,55,150,0,0,0,Radical Resection of Malignant Tumor of the Left Tongue + Neck Lymph Node Dissection + Transfer of Forearm Flap for Repair + Abdominal Skin Grafting + Tracheostomy,2,1,0,Tongue,Arm,1,1,0,0,0,0,0,0,0,Not recurred,1223
651314,1,66,62,158,0,0,0,Radical Resection of Malignant Tumor in the Right Lower Gingivobuccal Region + Neck Dissection + Tracheostomy + Fibula Free Flap Reconstruction,3,2,0,Buccal Mucosa,Fibula,1,1,1,0,0,1,0,0,0,348,348
652253,0,75,55.5,180,0,1,0,Radical surgery for right floor of mouth cancer + bilateral neck lymph node dissection + free left fibula osteocutaneous flap transplantation repair + tracheostomy,2,2,0,Floor of Mouth,Fibula,2,1,0,0,0,0,0,0,0,Not recurred,1702
653698,1,51,58,157,0,0,0,Radical Resection of Left Mandibular Gingival Cancer + Left Fibula Myocutaneous Flap Reconstruction + Tracheostomy,2,1,0,Gingiva & Jaw,Fibula,1,1,0,0,0,0,/,0,0,Not recurred,2026
655638,0,58,74,167,0,0,0,Radical resection of left tongue cancer + neck dissection + tracheostomy + transfer of medial leg flap for reconstruction + mandibular split + internal fixation with titanium plates and screws,3,2,0,Tongue,Leg,1,1,0,0,0,0,0,0,0,Not recurred,1152
657186,1,55,88,160,0,0,0,Radical Left Buccal Cancer Surgery + Neck Dissection + Anterolateral Thigh Flap Reconstruction + Tracheostomy,1,2,0,Buccal Mucosa,Arm,1,1,0,0,0,0,0,0,0,Not recurred,1074
657603,0,69,49,168,0,0,0,Left Pharyngeal Cancer Extended Resection + Left Fibula Flap Reconstruction + Tracheostomy,3,2,0,Oropharynx & Palate,Fibula,1,1,0,0,0,0,/,0,0,2232,2232
657905,1,58,75,163,0,0,0,The right cheek malignant tumor extended excision + right neck lymph node dissection + free lateral anterior thigh flap with vascular pedicle transplantation repair + tracheotomy,3,2,0,Buccal Mucosa,Thigh,1,1,0,0,0,0,0,0,0,Not recurred,1147
658127,1,86,45.5,145,0,0,0,Radical resection of right tongue cancer + neck dissection + tracheostomy + transfer of medial leg flap for repair + mandibular split + internal fixation with titanium plates and screws + skin graft from proximal leg to repair distal defect,3,2,0,Tongue,Leg,1,1,0,0,0,1,0,0,0,Not recurred,1185
659356,1,63,53,163,0,0,0,Radical Resection of Malignant Tumor on the Right Tongue + Neck Dissection + Transfer of a Pedicled Flap from the Medial Side of the Left Calf + Tracheostomy,3,2,0,Tongue,Leg,1,1,0,0,0,0,0,0,0,1221,1221
659470,0,49,57.5,168,0,0,0,Extended resection of left nasopharyngeal malignant tumor + bilateral neck dissection + mandibular split + left anterolateral thigh flap repair + vascular anastomosis + titanium plate and screw internal fixation + tracheostomy,1,1,0,Gingiva & Jaw,Thigh,2,1,0,0,0,1,0,0,0,82,82
660567,0,66,56,160,1,1,0,Radical Surgery for Bilateral Floor of Mouth Cancer + Segmental Resection of the Mandible + Left Fibula Myocutaneous Flap Reconstruction + Tracheostomy,3,2,0,Gingiva & Jaw,Fibula,1,1,0,0,0,0,/,0,0,Not recurred,1436
660757,1,64,67,160,0,0,0,Radical excision of malignant tumor on the left tongue + neck dissection + transfer of a flap from the medial aspect of the left leg for reconstruction + tracheostomy,2,1,0,Tongue,Leg,2,1,0,0,0,1,0,0,0,Not recurred,1199
662193,0,49,63,166,0,0,0,Radical Resection of Right Tongue Cancer + Neck Dissection + Anterolateral Thigh Flap Reconstruction + Tracheostomy,1,1,0,Tongue,Thigh,1,1,0,0,0,0,0,0,0,93,93
662714,0,42,65,177,1,1,0,Radical left tongue cancer resection + bilateral neck dissection + midline mandibular split + tracheostomy + titanium plate and screw internal fixation + free anterior lateral thigh flap transfer repair,2,2,0,Tongue,Thigh,2,1,0,0,0,0,0,0,0,Not recurred,1120
662768,0,65,58,179,0,0,0,Radical Resection of Left Lower Gingival Cancer + Neck Dissection + Fibula Flap Reconstruction + Tracheostomy,2,2,0,Gingiva & Jaw,Fibula,1,1,1,0,0,0,0,0,1,457,457
662816,0,45,42,162,1,1,0,Extensive excision of a large recurrent lesion in the left submandibular region and lingual neck + left common carotid artery replacement + artificial vessel replacement + mucosal patch coverage + titanium stent implantation + left lower trapezius flap transfer repair + tracheostomy,1,2,1,Tongue,Other,0,1,0,0,0,0,0,0,0,1632,1632
663027,0,52,87,176,0,1,0,Left mandibular mass extended resection + left neck dissection + free left fibula flap transfer repair + tracheostomy,3,2,0,Gingiva & Jaw,Fibula,1,1,0,0,0,0,0,/,/,Not recurred,1324
663516,0,46,65,170,0,0,0,The right tongue cancer radical surgery + right neck dissection + midline mandibular split + titanium plate and screw internal fixation + free anterolateral thigh flap transfer repair + tracheostomy + bilateral maxillary wisdom tooth extraction,2,1,0,Tongue,Thigh,1,1,0,0,0,0,0,0,0,Not recurred,1113
663841,0,54,55,170,1,1,0,Radical Resection of Malignant Tumors in Both Buccal Regions + Neck Dissection + Transfer of a Pedicled Flap from the Medial Side of the Left Leg + Tracheostomy,2,1,0,Buccal Mucosa,Leg,2,1,0,0,0,0,0,0,0,Not recurred,1272
663932,0,49,78,169,0,1,0,Radical left tongue cancer surgery + left neck lymph node dissection + free left forearm flap repair + tracheostomy,2,2,0,Tongue,Arm,1,1,1,0,0,0,0,0,1,216,216
664532,1,58,70,165,0,0,0,The left maxillary malignant tumor extended resection ++ orbital floor titanium plate reconstruction + neck lymph node dissection + left anterolateral thigh flap transfer repair + tracheotomy,2,1,0,Gingiva & Jaw,Thigh,1,1,0,0,0,0,0,/,/,Not recurred,1475
665013,1,66,53,148,0,0,0,Extended Resection of Gingival Cancer of the Right Lower Jaw + Neck Lymph Node Dissection + Anterolateral Thigh Flap Reconstruction + Preoperative Tracheostomy,3,2,1,Gingiva & Jaw,Fibula,1,1,0,0,0,0,0,0,0,Not recurred,1106
665420,0,62,49,170,0,1,0,Extended excision of malignant tumor on the left tongue + neck dissection + anterolateral thigh flap transfer repair + tracheostomy,4,2,0,Tongue,Thigh,1,1,0,0,0,1,0,0,0,1249,1249
665845,1,55,55,159,0,0,0,Radiation therapy for right lower gingival cancer + neck dissection + tracheostomy + left fibula fascia flap transfer repair + intermaxillary fixation + mandibular reconstruction + titanium plate and screw internal fixation,3,2,0,Gingiva & Jaw,Fibula,1,1,0,0,0,0,0,0,0,Not recurred,1161
665913,1,58,57.5,152,0,0,0,Radical Resection of Left Mandibular Gingival Cancer + Neck Dissection + Free Fibula Flap Reconstruction + Tracheostomy,0,0,0,Gingiva & Jaw,Fibula,1,1,0,0,0,0,0,0,0,Not recurred,1581
666805,0,67,70,160,0,0,0,"Extended excision of malignant tumor in the right tongue and floor of mouth, right neck dissection, partial resection of the right mandible, tracheostomy, and free left fibula fasciocutaneous flap transfer repair",2,2,0,Tongue,Fibula,1,1,0,0,0,1,0,/,/,373,373
667907,0,45,68,170,0,1,0,The left cheek cancer extended resection + left neck radical lymph node dissection + left maxillary and mandibular bone extended resection + tracheotomy + right fibula fascia flap repair,2,1,0,Gingiva & Jaw,Fibula,1,1,0,0,0,1,0,0,0,Not recurred,1652
667989,1,77,58,156,0,0,0,Right mandibular malignant tumor resection with right neck dissection and free left fibula flap transfer for defect repair,3,2,0,Gingiva & Jaw,Fibula,1,0,1,0,0,1,0,0,0,Not recurred,1236
668261,1,50,35,150,0,0,0,"Extended right buccal cancer resection with partial right maxilla and mandible resection, neck lymph node dissection, anterolateral thigh flap reconstruction, and tracheostomy",3,2,1,Gingiva & Jaw,Thigh,1,1,0,0,0,0,0,0,0,9,9
668361,0,45,77,180,1,1,1,Radical Resection of Left Tongue Cancer + Neck Lymph Node Dissection + Transfer of a Pedicled Flap from the Medial Aspect of the Left Leg + Tracheostomy,2,1,0,Tongue,Leg,1,1,0,0,0,0,/,0,0,Not recurred,1276
669068,0,30,87,174,0,1,1,"Right tongue cancer radical resection with neck lymph node dissection, left lower leg medial flap transfer repair, and tracheostomy",3,2,0,Tongue,Leg,1,1,0,0,0,0,0,0,0,142,142
669372,1,58,48,157,0,0,0,Radical Surgery for Left Tongue Cancer + Transfer of a Pedicled Flap from the Inner Side of the Left Leg for Reconstruction + Tracheotomy,2,1,0,Tongue,Leg,1,1,0,0,0,0,0,0,0,Not recurred,1826
669912,0,79,67,170,1,1,0,Radical surgery for left tongue squamous cell carcinoma + left neck lymph node dissection + transfer of left anterior lateral thigh flap for reconstruction + tracheostomy,1,1,0,Tongue,Thigh,1,1,0,0,0,0,0,0,/,Not recurred,1966
671236,0,31,65,164,0,0,0,Extended Resection of Right Tongue Cancer + Neck Lymph Node Dissection + Anterolateral Thigh Flap Transfer Repair + Tracheostomy,2,1,0,Tongue,Thigh,1,1,0,0,0,0,0,0,0,Not recurred,1505
671480,0,71,68,175,0,0,0,"Radiation therapy for left oropharyngeal cancer, radical resection, neck dissection, transfer of medial leg flap for reconstruction, tracheostomy, patch repair, mandibular split, titanium plate and screw internal fixation, and abdominal skin graft",3,2,0,Gingiva & Jaw,Leg,1,1,0,0,0,1,0,0,0,201,201
671532,1,73,49,158,0,0,0,Extended excision of malignant tumor in the right cheek + neck dissection + partial resection of maxilla and mandible + transfer of anterolateral thigh flap for reconstruction + tracheostomy,2,1,0,Gingiva & Jaw,Thigh,1,1,0,0,0,0,0,0,0,Not recurred,1390
672134,0,60,63,173,0,1,0,Right Tongue Cancer Extended Resection + Neck Lymph Node Dissection + Anterolateral Thigh Flap Reconstruction + Tracheostomy,2,1,0,Tongue,Thigh,1,1,0,0,0,1,0,0,0,Not recurred,1547
672343,1,70,65,154,0,0,0,Radical Resection of Left Maxillary Gingival Cancer + Neck Dissection + Transfer of a Pedicled Flap from the Medial Side of the Left Leg + Tracheostomy,3,2,0,Gingiva & Jaw,Leg,1,1,0,0,0,0,0,0,0,Not recurred,1230
675433,0,68,63.5,173,0,0,0,Radical Resection of Left Mandibular Gingival Cancer + Titanium Scaffold Implantation + Free Transfer of Left Fibula Myocutaneous Flap for Reconstruction + Tracheostomy,3,2,0,Gingiva & Jaw,Fibula,1,1,0,0,0,0,0,/,/,Not recurred,1935
676269,1,61,66,160,0,0,0,Right maxillary cancer extended resection + left forearm free flap transplantation + tracheotomy + neck lymph node dissection,2,0,0,Gingiva & Jaw,Arm,1,1,0,0,0,0,0,0,0,Not recurred,1208
678350,1,49,55,153,0,0,0,Extended Radical Resection for Right Tongue Cancer + Transfer and Repair Surgery Using a Flap from the Medial Side of the Left Calf + Midline Osteotomy of the Mandible + Tracheostomy,2,1,0,Tongue,Leg,1,1,0,0,0,0,0,0,0,Not recurred,1478
679482,0,74,72,170,0,0,0,"Left maxillary gingival tumor excision with titanium mesh reconstruction of the orbital floor, left neck lymph node dissection, transfer of the lateral anterior thigh flap for reconstruction, and tracheotomy",3,2,0,Gingiva & Jaw,Thigh,1,1,1,0,0,1,0,0,0,159,159
680456,0,38,111,183,0,1,1,Radical resection of left tongue cancer + neck dissection + tracheostomy + transfer of lateral leg flap for repair + mandibular split + internal fixation with titanium plates and screws,2,1,0,Tongue,Leg,1,1,0,0,0,0,0,0,0,Not recurred,1062
680517,0,60,84,170,0,1,0,Extended Resection of Floor of Mouth + Bilateral Neck Dissection + Right Fibula Flap Reconstruction + Tracheostomy,3,2,0,Floor of Mouth,Fibula,2,1,1,0,1,1,0,0,0,Not recurred,1762
680804,1,75,41,159,0,0,0,The expanded resection of verrucous carcinoma of the oral cavity + left neck lymph node dissection + free transfer of a vascularized anterolateral thigh flap + tracheostomy,4,3,0,Other,Thigh,1,1,0,1,1,0,0,0,0,Not recurred,1179
682069,0,69,63,167,0,0,0,The right maxillary gingival cancer extended resection + right maxillary bone subtotal resection + bilateral neck lymph node dissection + bilateral submandibular gland excision + free anterolateral thigh flap transfer repair,3,2,0,Gingiva & Jaw,Thigh,2,0,1,0,0,1,0,/,/,Not recurred,1130
682395,0,48,51,165,0,0,0,The left maxillary cancer extended resection + left neck lymph node dissection + left fibula fascia flap transfer and repair + maxillary bone reconstruction + titanium plate and screw implantation + tracheostomy,2,1,0,Gingiva & Jaw,Fibula,1,1,0,0,0,0,0,1,1,Not recurred,1509
682447,0,56,64,172,0,1,1,Extended Resection of Tongue Cancer + Neck Lymph Node Dissection + Anterolateral Thigh Flap Reconstruction + Tracheostomy,0,1,0,Tongue,Thigh,1,1,1,0,0,0,0,0,0,Not recurred,1248
683728,1,65,55,160,0,0,0,"Extended excision of malignant tumor in the left maxillary and mandibular gingiva, floor of mouth, bilateral neck dissection, transfer and repair with left anterolateral thigh flap, vascular anastomosis, and tracheotomy",3,2,0,Gingiva & Jaw,Thigh,2,1,0,0,0,0,0,0,0,5,5
685314,1,55,61,158,0,0,0,Radical Resection of Right Tongue Cancer + Neck Dissection + Transfer of a Graft from the Inner Side of the Leg for Repair + Tracheostomy,2,1,0,Tongue,Leg,1,1,0,0,0,0,0,0,0,Not recurred,1123
687196,0,52,51,158,0,0,0,Extended Resection of Right Upper Palate + Neck Lymph Node Dissection + Anterolateral Thigh Flap Reconstruction + Tracheostomy,2,1,0,Oropharynx & Palate,Thigh,1,1,1,0,0,0,0,/,/,Not recurred,1149
687953,1,44,38.5,160,0,0,0,Radical surgery for right tongue cancer + left forearm flap repair of intraoral defect + right neck dissection + tracheostomy,2,1,0,Tongue,Arm,1,1,0,0,0,0,/,0,0,Not recurred,2287
688557,0,43,64.5,169,0,1,0,Extended excision of left oral floor malignant tumor + neck lymph node dissection + right fibula fasciocutaneous flap transfer repair + abdominal skin grafting + tracheostomy,2,1,0,Other,Fibula,2,1,0,0,0,0,0,0,0,Not recurred,1411
688898,0,76,62,166,0,0,0,Excision of left mandibular gingival mass + neck dissection + free fibula flap reconstruction + tracheostomy,0,0,0,Gingiva & Jaw,Fibula,1,1,0,0,0,0,0,0,0,Not recurred,1701
689560,0,59,49,160,1,1,0,Radical Resection of Left Mandibular Gingival Cancer + Neck Dissection + Tracheostomy + Fibula Free Flap Reconstruction,2,1,0,Gingiva & Jaw,Fibula,1,1,0,0,0,0,0,0,0,Not recurred,1194
691030,0,64,50,158,0,0,0,Extended Resection of Floor of Mouth Cancer + Bilateral Neck Lymph Node Dissection + Free Left Fibula Myocutaneous Flap Reconstruction + Tracheostomy,2,1,0,Floor of Mouth,Fibula,2,1,0,0,1,0,0,0,0,Not recurred,1698
692317,1,53,52,157,0,0,0,Radical resection of right gingivobuccal cancer + right neck dissection + right fibula flap reconstruction + tracheostomy,1,1,0,Buccal Mucosa,Fibula,1,1,0,0,0,0,0,0,0,Not recurred,1143
694362,0,51,65,177,0,0,0,Radical Resection of Malignant Tumor on Left Tongue + Neck Dissection + Anterolateral Thigh Flap Transfer Repair + Tracheostomy + Mandibular Splitting,2,1,0,Tongue,Thigh,1,1,0,0,0,0,0,/,/,Not recurred,1297
695410,0,66,50,165,0,0,0,Radical Surgery for Bilateral Floor of Mouth Cancer + Left Fibula Free Flap Reconstruction + Tracheostomy,3,2,0,Floor of Mouth,Fibula,1,1,0,0,0,1,/,0,0,Not recurred,1176
697938,0,35,88,168,0,1,1,Radical resection of right tongue cancer + neck dissection + tracheostomy + transfer of a flap from the medial side of the lower leg + mandibular split + internal fixation with titanium plates and screws,2,1,0,Tongue,Leg,1,1,0,0,0,0,0,0,0,Not recurred,1062
698887,0,67,62,164,0,1,0,Radical resection of malignant tumor in right cheek + right neck dissection + free transfer of left anterolateral thigh flap for reconstruction + tracheostomy,1,0,0,Buccal Mucosa,Thigh,1,1,0,0,0,0,0,0,0,Not recurred,1307
700609,0,66,62,172,0,0,0,The left mandibular malignant tumor extended resection + partial mandibulectomy + neck lymph node dissection + fibula fascia flap transfer repair + titanium plate and screw internal fixation + tracheostomy,3,2,0,Gingiva & Jaw,Fibula,1,1,0,0,1,0,0,/,/,Not recurred,1502
700719,0,60,53,172,0,1,0,Extended Resection of Right Lower Gingival Cancer + Left Fibula Flap Reconstruction + Tracheostomy,4,2,0,Gingiva & Jaw,Fibula,1,1,0,0,0,0,/,0,0,1725,1725
700961,0,55,62,172,1,1,0,Right Tongue Floor Cancer Radical Surgery + Left Calf Medial Flap Repair Surgery + Tracheostomy,3,2,0,Tongue,Leg,1,1,1,0,0,0,/,0,0,1129,1129
701505,1,54,56.5,156,0,0,0,The right tongue malignant tumor extended resection + bilateral neck dissection + mandibular split + left lower leg medial flap repair + vascular anastomosis + titanium plate and screw internal fixation + tracheostomy,2,1,0,Tongue,Thigh,2,1,0,0,0,0,/,0,0,689,689
702617,0,72,57.5,170,0,1,0,Radical left oropharyngeal cancer resection + neck dissection + anterolateral thigh flap reconstruction + tracheostomy,1,1,0,Oropharynx & Palate,Thigh,1,1,0,0,0,0,0,0,/,Not recurred,1854
705217,1,67,72,158,0,0,0,Extended Resection of Malignant Tumor in Right Tongue and Floor of Mouth + Bilateral Neck Lymph Node Dissection + Left Anterolateral Thigh Flap Reconstruction + Tracheostomy,2,1,1,Tongue,Thigh,1,1,1,0,0,1,0,0,0,5,5
705314,0,37,62,168,1,1,0,Right Tongue Cancer Radical Surgery + Right Neck Dissection + Lateral Thigh Flap Reconstruction + Tracheostomy,2,0,0,Tongue,Thigh,1,1,0,0,0,0,/,0,0,Not recurred,1120
706114,0,65,59.5,150,0,1,0,Radical Resection of Right Tongue Cancer + Neck Dissection + Tracheostomy + Transfer of a Pedicled Flap from the Medial Side of the Left Leg,2,1,0,Tongue,Leg,1,1,0,0,0,1,0,0,0,Not recurred,1140
706261,1,63,55.5,159,0,0,0,Extended Resection of Right Maxillary Gingival Cancer + Neck Lymph Node Dissection + Anterolateral Thigh Flap Reconstruction + Tracheostomy,1,2,0,Gingiva & Jaw,Thigh,1,1,0,0,0,0,0,/,/,Not recurred,1535
706487,0,47,65,167,1,1,0,"The right lower gingiva, oropharyngeal malignant tumor extended resection + right tonsillectomy + partial resection of the right mandible + bilateral neck dissection + tracheotomy + free left fibula musculocutaneous flap transfer repair + adjacent flap transfer repair of the left lower leg surgical area defect",2,1,0,Gingiva & Jaw,Fibula,2,1,0,0,0,0,/,0,0,Not recurred,1191
706504,0,69,80,168,0,0,0,Extended Resection of Left Tongue Floor Cancer + Neck Lymph Node Dissection + Transfer of a Pedicled Flap from the Medial Aspect of the Left Calf + Tracheostomy,2,1,0,Tongue,Leg,1,1,0,0,0,0,/,0,0,Not recurred,1535
708587,0,56,72,173,0,0,0,Extended Left Tongue Cancer Resection + Neck Lymph Node Dissection + Transfer of a Pedicled Flap from the Medial Side of the Left Leg + Tracheostomy,3,2,0,Tongue,Leg,1,1,0,0,0,1,/,0,0,Not recurred,1226
709048,0,72,67,168,0,0,0,Extended Resection of Malignant Tumor of the Left Mandible + Neck Lymph Node Dissection + Fibula Myocutaneous Flap Transfer Reconstruction + Tracheostomy,3,2,0,Gingiva & Jaw,Fibula,1,1,0,0,0,1,0,0,0,Not recurred,1363
709803,0,78,62,163,0,0,0,Extended Resection of Bilateral Mandibular Gingival Cancer + Left Anterolateral Thigh Flap Transfer Repair + Tracheostomy,3,2,0,Gingiva & Jaw,Thigh,2,1,0,0,0,1,0,0,0,Not recurred,1584
711121,0,56,54,165,1,1,0,Right tongue base mass excision plus right mandibular block resection plus right neck lymph node dissection plus mandibular split osteotomy plus absorbable plate and screw internal fixation plus titanium stent implantation plus left anterolateral thigh flap transfer repair plus tracheostomy,2,3,0,Tongue,Thigh,1,1,0,0,0,0,0,0,0,178,178
711474,1,63,53,155,0,0,0,Radical Resection of Left Tongue Cancer + Neck Dissection + Tracheostomy + Transfer of Graft from the Medial Side of the Lower Leg,3,2,0,Tongue,Leg,1,1,1,0,0,0,0,0,0,Not recurred,1193
711533,0,/,/,/,0,0,0,/,0,0,0,Other,Other,0,0,0,0,0,0,0,0,0,Not recurred,1130
711693,0,57,57,162,0,0,0,Radical Resection of Malignant Tumors in the Bilateral Mandible and Floor of Mouth + Right Neck Lymph Node Dissection + Intermaxillary Fixation + Occlusal Reconstruction + Left Fibula Flap Transfer Repair + Tracheostomy,2,1,0,Gingiva & Jaw,Fibula,2,1,0,0,0,0,0,/,/,Not recurred,1072
712300,0,48,66,178,0,0,0,Radical Surgery for Bilateral Floor of Mouth Cancer + Neck Lymph Node Dissection + Free Fibula Flap Reconstruction + Tracheostomy,2,2,0,Floor of Mouth,Fibula,2,1,0,0,0,0,0,0,0,Not recurred,1616
712316,0,65,62,168,1,1,0,Extended Resection of Floor of Mouth + Neck Lymph Node Dissection + Anterolateral Thigh Flap Reconstruction + Tracheostomy,2,1,0,Floor of Mouth,Thigh,1,1,0,0,0,0,/,0,0,Not recurred,1321
712347,1,69,48,155,0,0,0,"Extended left tongue cancer resection with neck lymph node dissection, anterolateral thigh flap reconstruction, and tracheostomy",1,1,0,Tongue,Thigh,1,1,1,0,0,0,0,/,/,Not recurred,1173
712480,0,37,68,175,1,1,1,Radical excision of malignant tumor in the right cheek + neck dissection + transfer of a flap from the inner side of the lower leg + tracheostomy + intermaxillary fixation,2,1,0,Gingiva & Jaw,Leg,1,1,1,0,0,0,0,0,0,Not recurred,1153
712957,0,67,59,169,0,0,0,Radical Surgery for Left Tongue Cancer + Transfer of a Pedicled Flap from the Inner Side of the Left Leg + Tracheostomy,3,2,0,Tongue,Thigh,1,1,0,0,0,0,0,/,/,Not recurred,1820
713649,1,46,50,160,0,0,0,"Left lower gingival mass excision with neck lymph node dissection, fibula flap transfer repair, and tracheotomy",0,1,0,Gingiva & Jaw,Fibula,1,1,0,0,0,0,0,0,0,Not recurred,1110
714076,1,68,52,165,0,0,0,Radical Resection of Malignant Tumor on the Left Tongue + Neck Dissection + Mandibular Splitting + Anterolateral Thigh Flap Transfer Repair + Tracheostomy,2,1,0,Tongue,Thigh,2,1,0,0,0,0,0,/,/,Not recurred,1311
714087,0,42,80,183,1,1,0,The left pharyngeal cancer extended resection + bilateral neck lymph node dissection + left anterior lateral thigh free flap repair + tracheostomy,2,1,0,Oropharynx & Palate,Thigh,2,1,0,0,0,0,0,0,0,Not recurred,1555
714374,1,72,44,153,0,0,0,"Extended excision of malignant tumor on the right tongue with neck dissection, tracheostomy, mandibular split, skin graft from abdomen, and transfer of a flap from the medial aspect of the lower leg",3,2,0,Tongue,Leg,1,1,0,1,0,0,0,/,/,Not recurred,1349
716700,1,71,45,155,0,0,0,The right tongue mass excision + right neck lymph node dissection + mandibular split + absorbable plate and screw internal fixation + free anterior lateral thigh flap transfer for defect repair + tracheostomy,3,2,0,Tongue,Thigh,1,1,0,0,1,0,0,0,0,Not recurred,1122
717209,0,66,62.5,165,1,1,0,Extended Resection of Malignant Tumor on the Left Tongue + Neck Lymph Node Dissection + Anterolateral Thigh Flap Transfer Reconstruction + Tracheostomy,3,2,0,Tongue,Thigh,2,1,0,0,0,0,0,0,0,Not recurred,1348
719634,0,49,75,171,0,0,0,Extended Resection of Left Upper Gingival Cancer + Neck Lymph Node Dissection + Anterolateral Thigh Flap Reconstruction + Tracheostomy,2,2,0,Gingiva & Jaw,Thigh,1,1,1,0,0,0,0,0,0,780,780
719761,0,30,104,170,0,0,0,"Extended excision of malignant tumor in the right tongue and floor of mouth, right neck dissection, excision and ligation of the lower pole of the right parotid gland, tracheotomy, and transfer of a free flap from the medial aspect of the left lower leg for reconstruction",2,1,0,Tongue,Leg,1,1,0,0,0,0,0,0,0,Not recurred,1113
720262,1,57,68,161,0,0,0,Radical Resection of Malignant Tumor on the Right Tongue + Neck Dissection + Free Flap Transfer from the Medial Side of the Left Leg for Reconstruction + Tracheostomy,2,1,0,Tongue,Leg,1,1,1,0,0,1,0,0,0,140,140
720487,1,46,65,150,0,0,0,Right Tongue Cancer Extended Resection + Neck Lymph Node Dissection + Anterolateral Thigh Flap Reconstruction + Tracheostomy,2,1,0,Tongue,Thigh,1,1,0,0,0,0,/,0,0,Not recurred,1591
720866,0,55,80,160,1,1,0,Extensive malignant tumor resection of the left gingiva and buccal region + left mandibulectomy + left neck lymph node dissection + right neck lymph node dissection + right fibula musculocutaneous flap reconstruction + vascular anastomosis + titanium stent implantation + titanium plate and screw internal fixation + tracheostomy,2,1,0,Gingiva & Jaw,Fibula,2,1,0,0,0,0,0,0,0,359,359
721630,0,75,63,170,0,0,0,Radical Resection of Left Maxillary Gingival Cancer + Left Neck Dissection + Free Transfer of Left Anterolateral Thigh Flap for Reconstruction + Tracheostomy,3,2,0,Gingiva & Jaw,Thigh,1,1,0,0,0,0,0,/,/,Not recurred,1233
721986,0,57,72,172,0,0,0,Radical Resection of Left Buccal Cancer + Neck Dissection + Lateral Thigh Flap Transfer Repair + Tracheostomy,3,2,0,Buccal Mucosa,Thigh,1,1,0,0,0,1,0,0,0,Not recurred,1053
722958,1,72,49.5,156,0,0,0,Left mandibular gingival cancer extended resection + left neck dissection + tracheostomy + left mandibular bone extended resection + free right fibula myocutaneous flap transfer and reconstruction,3,2,0,Gingiva & Jaw,Fibula,1,1,0,0,0,1,0,0,0,Not recurred,1152
724380,1,50,63,150,0,0,0,Extended Left Tongue Cancer Resection + Neck Lymph Node Dissection + Medial Leg Flap Transfer Reconstruction + Tracheostomy,2,1,0,Tongue,Leg,2,1,0,0,0,0,0,/,/,Not recurred,1418
725378,1,67,46,150,0,0,0,Radical Surgery for Left Tongue Cancer + Left Neck Dissection + Midline Splitting of the Mandible + Free Transfer of the Left Anterolateral Thigh Flap for Reconstruction + Tracheostomy,3,2,0,Tongue,Thigh,1,1,1,0,0,0,0,0,0,Not recurred,1130
728441,1,66,51,158,0,0,0,"Left maxillary and mandibular gingival mass excision with bilateral neck lymph node dissection, partial left maxillectomy, left mandibular block resection, titanium stent implantation, left lower trapezius flap transfer for reconstruction, and tracheostomy",3,3,0,Gingiva & Jaw,Other,2,1,1,0,0,1,0,1,0,567,567
730890,0,51,69.5,170,0,0,0,The excision of a large malignant tumor in the left oral pharyngeal neck parotid region + bilateral neck lymph node dissection + left mandibular bone splitting + left common carotid artery exploration and resection + common carotid artery artificial vessel replacement + autologous dermal graft wrapping of the common carotid artery + left pectoralis major flap repair + absorbable plate and screw internal fixation + tracheostomy + percutaneous gastrostomy,2,2,0,Gingiva & Jaw,Other,2,1,0,0,0,1,0,0,1,6,6
731560,0,59,59,162,0,1,0,Extended excision of malignant tumor in the right cheek + neck lymph node dissection + transfer of a flap from the medial aspect of the left lower leg for reconstruction + tracheostomy,2,1,0,Buccal Mucosa,Leg,1,1,0,0,0,0,0,0,0,Not recurred,1467
731588,1,64,45,152,0,0,0,The left maxillary gingival cancer radical resection + right maxillary gingival mass extended excision + left neck lymph node dissection + right anterior lateral thigh fascia flap repair + tracheotomy,0,0,0,Gingiva & Jaw,Thigh,1,1,1,0,0,0,0,0,0,Not recurred,1085
732432,1,73,55,150,0,0,0,The right tongue cancer radical resection + right neck dissection + excision of the right submandibular gland and sublingual gland + excision and ligation of the lower pole of the right parotid gland + midline mandibular split + tracheotomy with titanium plate and screw internal fixation + free anterolateral thigh flap transfer repair + extraction of teeth 31 and 32,2,1,0,Tongue,Thigh,1,1,1,0,0,1,/,0,0,Not recurred,1089
732517,0,47,54,167,0,0,0,Radical Resection of Right Maxillary Gingival Cancer + Neck Lymph Node Dissection + Left Fibula Myocutaneous Flap Transfer Repair + Tracheostomy,2,1,0,Gingiva & Jaw,Fibula,1,1,0,0,0,0,/,0,0,Not recurred,1140
732636,0,21,51,169,0,1,1,Extended resection of malignant tumor on the right tongue + transfer of flap from the medial side of the left leg + tracheostomy,2,1,0,Tongue,Leg,1,1,0,0,0,0,0,0,0,Not recurred,1519
732945,1,53,66,158,0,0,0,Right Tongue Cancer Radical Resection + Left Lower Leg Medial Flap Transfer Repair + Tracheostomy,3,2,0,Tongue,Leg,1,1,0,0,0,0,0,0,0,248,248
733293,1,60,57,152,0,0,0,"Extended Left Tongue Cancer Resection with Neck Lymph Node Dissection, Anterolateral Thigh Flap Reconstruction, and Tracheostomy",1,2,0,Tongue,Thigh,1,1,0,0,0,0,0,0,0,Not recurred,1127
733295,0,68,69,166,0,0,0,Radical left buccal cancer resection + left neck dissection + left forearm flap reconstruction + tracheostomy,2,1,0,Buccal Mucosa,Arm,1,1,1,0,0,0,0,/,/,Not recurred,1276
733578,1,48,45,155,0,0,0,Radical Surgery for Left Tongue Cancer + Transfer of a Flap from the Inner Side of the Left Calf for Reconstruction + Tracheostomy,3,2,0,Tongue,Leg,1,1,0,0,0,0,0,0,0,Not recurred,1790
733673,0,45,76,165,0,1,1,Radical Resection of Recurrent Lesion of Left Tongue Cancer + Mandibular Splitting Surgery + Titanium Plate and Screw Internal Fixation + Bilateral Neck Lymph Node Dissection + Anterolateral Thigh Flap Transfer + Tracheostomy,2,1,0,Tongue,Thigh,2,1,0,0,0,0,0,0,0,934,934
734086,1,52,58,/,0,0,0,Right cheek mass excision with left forearm free flap reconstruction,2,1,0,Buccal Mucosa,Arm,1,0,0,0,0,0,/,0,0,Not recurred,2820
734239,1,68,40,156,0,0,0,The right tongue malignant tumor extended resection + neck dissection + mandibular split + anterolateral thigh flap transfer repair + tracheostomy,3,2,0,Tongue,Thigh,1,1,0,0,0,0,0,0,0,Not recurred,1388
734860,0,58,55,162,0,1,0,Radical Surgery for Right Tongue Cancer + Repair with Left Calf Medial Flap + Tracheostomy,2,1,0,Tongue,Leg,1,1,0,0,0,0,/,0,0,Not recurred,1498
735392,1,63,48,155,0,0,0,Radical Surgery for Base of Tongue Cancer + Bilateral Neck Lymph Node Dissection + Anterolateral Thigh Flap Reconstruction + Tracheostomy,2,0,0,Tongue,Thigh,2,1,0,0,0,0,0,0,0,Not recurred,1217
735593,1,54,52,156,0,0,0,Radical Right Tongue Cancer Surgery + Right Neck Dissection + Left Anterolateral Thigh Flap Reconstruction + Tracheostomy,2,1,0,Tongue,Thigh,1,1,0,0,0,0,0,0,0,Not recurred,1144
735921,0,64,60,162,0,0,0,Extended Excision of Lower Lip Cancer + Bilateral Neck Lymph Node Dissection + Left Forearm Flap Reconstruction + Tracheostomy,1,1,0,Other,Arm,2,1,1,0,0,0,0,0,0,Not recurred,1488
736104,0,61,60.5,160,0,1,0,Radical Right Oropharyngeal Cancer Surgery + Right Posterior Tibial Artery Flap Repair Surgery + Tracheostomy,2,1,0,Oropharynx & Palate,Arm,1,1,0,0,0,0,0,/,/,Not recurred,1920
736278,0,47,89,177,1,1,1,Radical Surgery for Left Tongue Cancer + Repair with Left Anterolateral Thigh Flap + Tracheostomy,2,1,0,Tongue,Thigh,1,1,0,0,0,0,0,0,0,Not recurred,1571
736727,0,53,75,173,1,1,0,Extended excision of malignant tumor of the left tonsilopharyngeal region + bilateral neck lymph node dissection + free left anterior lateral thigh flap reconstruction + tracheotomy,2,1,0,Oropharynx & Palate,Thigh,2,1,0,0,0,1,0,1,0,Not recurred,1509
737822,0,47,72,170,0,1,0,The right mandibular malignant tumor extended resection + neck lymph node dissection + fibula musculocutaneous flap transfer repair + tracheostomy,3,2,0,Gingiva & Jaw,Fibula,1,1,0,0,0,0,0,1,1,Not recurred,1421
739426,0,84,58,177,0,1,0,Extended Resection of Left Tongue Cancer with Cervical Lymph Node Dissection,3,1,0,Tongue,No Flap,1,0,1,0,1,1,0,0,0,Not recurred,1187
739543,0,28,82,178,1,1,0,Extended Resection of Left Tongue Cancer + Neck Lymph Node Dissection + Anterolateral Thigh Flap Reconstruction,2,1,0,Tongue,Thigh,1,1,0,0,0,0,/,0,0,Not recurred,1264
739595,1,83,50,156,0,0,0,Radical Resection of Malignant Tumor on Left Tongue + Neck Dissection + Mandibular Splitting + Transfer of Lateral Femoral Cutaneous Flap for Repair + Tracheostomy,4,2,0,Tongue,Thigh,2,1,0,0,0,0,0,/,/,Not recurred,1293
739868,0,81,56,170,0,0,0,Radical excision of malignant tumor of the left maxillary gingiva + left neck lymph node dissection + subtotal left maxillectomy + left anterolateral thigh flap reconstruction + tracheostomy,3,2,0,Gingiva & Jaw,Thigh,1,1,0,0,1,0,/,0,/,Not recurred,1148
740602,1,73,54,155,0,0,0,The right lower gingival malignant tumor extended resection + right mandibular partial resection + right neck lymph node dissection + free left fibula flap reconstruction + titanium support implant internal fixation + tracheotomy,3,3,0,Gingiva & Jaw,Fibula,1,1,0,0,1,1,/,0,0,795,795
740685,0,/,/,/,0,0,0,/,0,0,0,Other,Other,0,0,0,0,0,0,0,0,0,Not recurred,1130
740883,0,82,55,150,1,1,0,Radical resection of bilateral oropharyngeal malignant tumors + neck dissection + tracheotomy + transfer of a flap from the medial aspect of the lower leg + backup fibula fascia flap transfer repair + backup anterolateral thigh flap transfer repair,3,2,0,Oropharynx & Palate,Thigh,2,1,1,0,1,1,0,0,0,Not recurred,1181
741847,0,50,77,168,1,1,1,Resection of malignant tumor on the left cheek + left neck dissection + transfer of left anterior lateral thigh flap for reconstruction + tracheostomy,1,0,0,Buccal Mucosa,Thigh,1,1,0,0,0,1,0,0,0,Not recurred,1328
743259,1,97,40.5,141,0,0,0,Right cheek mass extended excision + right lower lip mass extended excision + tissue graft repair of right cheek and right lower lip defect,3,1,0,Buccal Mucosa,Other,0,0,1,0,0,1,0,0,0,164,164
743446,1,82,63,160,0,0,0,Extended Resection of Left Buccal Cancer + Graft Repair Preparation + Thyroidectomy + Tracheostomy,3,2,0,Buccal Mucosa,Other,0,0,1,1,0,1,0,0,0,Not recurred,1172
744451,0,77,48,165,0,0,0,The left tongue base malignant tumor extended resection + left mandibular resection + left neck lymph node dissection + free right fibula flap reconstruction + tracheostomy + preparation of left fibula flap,3,2,0,Tongue,Fibula,1,1,0,0,0,0,0,0,0,869,869
744485,0,69,55.5,152,0,0,0,Right Buccal Cancer Extended Resection + Neck Lymph Node Dissection + Anterolateral Femoral Flap Free Transfer + Tracheostomy,2,1,0,Buccal Mucosa,Thigh,1,1,0,0,0,0,0,0,0,646,646
744754,0,51,61,158,1,1,0,The left tongue squamous cell carcinoma extended resection + lymph node dissection + free flap transplantation using the anterolateral thigh with vascular pedicle + tracheostomy,2,1,0,Tongue,Thigh,1,1,0,0,0,0,0,0,0,Not recurred,1382
744855,0,80,68,168,0,0,0,Extended Resection of Malignant Tumor on the Right Tongue + Neck Lymph Node Dissection + Mandibular Osteotomy + Transfer of Left Anterolateral Thigh Flap for Reconstruction + Tracheostomy,3,2,0,Tongue,Thigh,1,1,0,0,0,0,0,0,0,Not recurred,1405
746961,0,56,55,169,1,1,0,The expanded resection of bilateral gingival cancer of the mandibular region + segmental mandibulectomy + bilateral neck dissection + fibula flap reconstruction + tracheostomy,2,1,0,Gingiva & Jaw,Fibula,2,1,0,0,0,0,0,0,0,Not recurred,1840
748281,1,64,51,125,0,0,0,Radical Resection of Malignant Tumor on the Right Tongue + Right Neck Dissection + Free Transfer of Left Anterolateral Thigh Flap for Reconstruction + Tracheostomy,2,1,0,Tongue,Thigh,1,1,0,0,0,1,0,/,/,Not recurred,1275
749109,1,49,49,157.5,0,0,0,Radical Resection of Right Tongue Cancer + Neck Dissection + Left Anterolateral Thigh Flap Reconstruction + Tracheostomy,3,1,0,Tongue,Thigh,1,1,0,0,0,0,/,0,0,Not recurred,2183
750381,0,54,90,168,0,0,0,Radical Resection of Left Tongue Cancer + Neck Dissection + Mandibular Splitting + Transfer of a Pedicled Flap from the Medial Side of the Left Leg + Tracheostomy,2,1,0,Tongue,Leg,1,1,0,0,0,0,0,0,0,Not recurred,1265
751142,0,55,57,170,1,0,1,The left tongue base cancer extended resection + mandibular split + left neck lymph node dissection + right anterolateral thigh flap repair + vascular anastomosis + titanium plate and screw internal fixation + tracheotomy,4,1,0,Tongue,Thigh,1,1,0,0,1,0,0,1,0,1816,1816
752026,0,56,55,162,0,1,0,Radical surgery for bilateral floor of mouth cancer + bilateral neck lymph node dissection + left fibula fascia flap transfer and repair + tracheostomy,3,2,0,Floor of Mouth,Fibula,2,1,0,0,0,0,/,0,0,Not recurred,1143
752168,0,49,49,169,0,0,0,"Extended Excision of Malignant Tumor of the Left Lower Gingiva with Neck Dissection, Right Fibula Myocutaneous Flap Transfer Repair, and Tracheostomy",2,1,0,Gingiva & Jaw,Fibula,1,1,0,0,0,0,0,0,0,Not recurred,1338
752996,0,60,60,163,0,0,0,Extended Resection of Left Oropharyngeal Cancer + Fibula Flap Reconstruction + Neck Lymph Node Dissection + Tracheostomy,2,2,0,Oropharynx & Palate,Fibula,1,1,0,0,0,1,/,0,0,Not recurred,1503
753015,0,61,54,169,0,0,0,Radical left pharyngectomy + left mandibulectomy + left lower leg medial flap transfer repair + tracheostomy,3,2,0,Gingiva & Jaw,Fibula,1,1,0,0,0,0,0,/,/,Not recurred,1921
753401,0,69,48,156,0,1,0,Extended Radical Resection of Left Mandibular Gingival Cancer + Left Neck Lymph Node Dissection + Transfer of Left Fibula Myocutaneous Flap for Reconstruction + Tracheostomy,2,1,0,Gingiva & Jaw,Fibula,1,1,0,0,0,0,0,0,0,Not recurred,1529
754665,0,48,60,180,0,0,0,Radical Resection of Left Tongue Cancer + Left Neck Lymph Node Dissection + Right Anterolateral Thigh Flap Reconstruction + Tracheostomy,0,0,0,Tongue,Thigh,1,1,0,0,0,0,/,0,0,Not recurred,1183
757641,1,70,55.5,156,0,0,0,Tracheostomy + Right Maxillary Gingival Cancer Recurrence Extended Resection + Bilateral Neck Lymph Node Dissection + Left Anterolateral Thigh Free Flap Reconstruction,3,2,0,Gingiva & Jaw,Thigh,2,1,0,0,0,1,0,0,0,6,6
760798,1,79,59,148,0,0,0,Extended Resection of Right Lower Gingival Cancer + Free Fibula Flap Reconstruction + Neck Lymph Node Dissection + Tracheostomy,3,3,0,Gingiva & Jaw,Fibula,1,1,0,0,0,0,0,/,/,Not recurred,1394
762419,1,77,44.5,150,0,0,0,Radical Resection of Gingival Cancer in the Right Lower Jaw + Free Fibula Flap Reconstruction + Tracheostomy,2,2,0,Gingiva & Jaw,Fibula,0,1,1,1,1,1,0,0,0,7,7
762477,0,66,60,162,0,1,0,Extended resection of left maxillary cancer + neck lymph node dissection + anterolateral thigh flap reconstruction + tracheostomy,3,2,0,Gingiva & Jaw,Thigh,1,1,0,0,0,1,0,/,/,Not recurred,1436
763552,1,73,59,156,0,0,0,Radical right buccal cancer resection + right neck lymph node dissection + free left anterior thigh flap repair + tracheostomy,1,2,0,Buccal Mucosa,Thigh,1,1,0,0,0,0,0,0,0,Not recurred,1245
764056,0,66,74,170,0,1,0,Radical Resection of Right Soft Palate Cancer + Midline Osteotomy of Mandible + Left Anterolateral Thigh Flap Reconstruction + Tracheostomy,3,2,0,Gingiva & Jaw,Thigh,1,1,0,0,0,0,/,1,0,Not recurred,2236
764884,1,66,52,/,0,0,0,Radical Surgery for Right Buccal Cancer + Left Forearm Flap Reconstruction,3,2,0,Buccal Mucosa,Arm,1,1,1,0,0,1,/,0,0,Not recurred,2955
765233,0,69,68,168,0,0,0,Excision of mass in left upper palate with graft repair (without neck dissection),3,1,1,Oropharynx & Palate,Other,0,0,1,0,0,1,0,0,0,163,163
765284,0,57,63,168,0,1,0,Radical resection of left tongue cancer + left neck lymph node dissection + transfer of a flap from the inner side of the left lower leg for reconstruction + tracheotomy + mandibular split + internal fixation with titanium plates and screws,3,2,0,Tongue,Leg,1,1,0,0,0,1,0,0,0,Not recurred,1033
765752,1,78,58,159,0,0,0,Tracheostomy + Extended Left Tongue Cancer Resection + Left Neck Dissection + Right Anterolateral Thigh Flap Reconstruction,2,0,0,Tongue,Thigh,1,1,0,0,0,0,0,0,0,Not recurred,1124
766007,0,67,55,167,0,0,0,Radical Resection of Left Buccal Cancer + Transfer and Repair with a Pedicled Flap from the Medial Aspect of the Left Leg + Tracheotomy,2,1,0,Buccal Mucosa,Leg,1,1,0,0,0,0,0,/,/,Not recurred,1934
767022,1,75,50,156,0,0,0,"Left maxillary gingival cancer resection with neck lymph node dissection, left anterolateral thigh flap reconstruction, and tracheostomy",1,1,0,Gingiva & Jaw,Thigh,1,1,1,0,0,1,0,0,0,Not recurred,1404
767136,0,39,67,178,0,0,0,Radical Resection of Left Tongue Cancer + Neck Lymph Node Dissection + Transfer of Medial Calf Flap for Reconstruction + Skin Graft from Abdomen + Tracheostomy,2,1,0,Tongue,Leg,1,1,0,0,0,0,/,0,0,Not recurred,1351
767664,1,58,65,162,0,0,0,Radical left tongue cancer surgery + left neck dissection + free left anterolateral thigh flap repair + tracheostomy,2,1,0,Tongue,Thigh,1,1,0,0,0,1,0,0,0,Not recurred,1097
769947,1,42,38,156,0,0,0,Preoperative tracheostomy + radical tongue cancer resection + bilateral neck lymph node dissection + free anterolateral thigh flap transplantation for reconstruction,3,2,0,Tongue,Thigh,2,1,0,0,0,0,0,0,0,Not recurred,1954
770442,0,35,78,180,0,0,0,Radical Resection of Right Tongue Cancer + Transfer of Left Calf Medial Flap for Repair + Tracheostomy,3,2,0,Tongue,Leg,1,1,0,0,0,0,0,0,0,Not recurred,1750
774914,0,36,82,175,1,1,0,Radical Resection of Malignant Tumor of the Left Upper Gingiva + Neck Dissection + Tracheostomy + Fibula Myocutaneous Flap Transfer Repair + Maxillary Reconstruction + Intermaxillary Fixation,2,1,0,Gingiva & Jaw,Fibula,1,1,0,0,0,0,0,0,0,Not recurred,1200
776727,0,24,65,170,0,1,0,Radical Surgery for Left Tongue Cancer + Neck Dissection + Right Anterolateral Thigh Flap Reconstruction + Tracheostomy,1,1,0,Tongue,Thigh,1,1,0,0,0,0,0,1,/,Not recurred,1856
776867,1,53,48,160,0,0,0,Extended excision of malignant tumor in the right maxilla + right neck dissection + free transfer of left anterior lateral thigh flap for reconstruction + preparation of right anterior lateral thigh + tracheostomy,2,1,0,Gingiva & Jaw,Thigh,1,1,0,0,0,0,0,0,0,Not recurred,1384
777442,0,53,66,161,0,1,1,Right tongue mass extended excision + bilateral neck lymph node dissection + mandibular split + left anterolateral thigh flap transfer repair + absorbable plate and screw fixation + tracheostomy,2,1,0,Tongue,Thigh,2,1,0,0,0,0,0,0,0,384,384
777597,1,48,49,153,0,0,0,Right tongue cancer lesion extended resection + right neck lymph node dissection + left anterior lateral thigh flap repair + tracheostomy,0,0,0,Tongue,Thigh,1,1,0,0,0,0,0,/,/,Not recurred,1146
777995,0,50,50,163,0,1,0,Left tongue cancer lesion extended resection + neck dissection + right anterior lateral thigh flap repair + tracheotomy,2,1,0,Tongue,Thigh,1,1,0,0,0,0,0,0,0,363,363
778405,0,60,65,166,1,0,0,Extended radical resection of left buccal cancer + partial resection of the left upper and lower jaws + mandibular split + absorbable plate and screw internal fixation + left neck lymph node dissection + left anterior lateral thigh flap repair + vascular anastomosis + tracheostomy,1,1,0,Gingiva & Jaw,Thigh,1,1,0,0,0,1,0,0,0,162,162
779262,1,65,65,154,0,0,0,The radical resection of left buccal cancer + left mandibular block resection + titanium scaffold implantation + left pectoralis major myocutaneous flap repair + left neck lymph node dissection + tracheostomy,3,1,0,Gingiva & Jaw,Other,1,1,1,0,0,1,0,0,0,91,91
781408,0,87,70,165,0,0,0,Radical right buccal cancer resection + radical lymph node dissection on the right side + transfer of the right pectoralis major myocutaneous flap + tracheostomy,2,2,0,Buccal Mucosa,Other,1,1,0,0,1,0,/,1,1,301,301
782011,0,41,48,168,0,0,0,Left Tongue Mass Excision Biopsy,1,1,0,Tongue,No Flap,0,0,0,0,0,0,0,/,/,1186,1186
782815,0,74,70,168,0,1,0,The left buccal cancer radical resection + neck dissection + anterolateral thigh flap transfer repair + tracheotomy + left buccal cancer radical resection + neck dissection + anterolateral thigh flap transfer repair + tracheotomy,3,2,0,Buccal Mucosa,Thigh,1,1,1,0,0,1,0,1,1,205,205
783249,1,32,52,151,0,0,0,Radical Left Tongue Cancer Surgery + Transfer of a Pedicled Flap from the Inner Side of the Left Leg + Tracheostomy,2,1,0,Tongue,Leg,1,1,0,0,0,0,0,0,0,Not recurred,1472
783327,0,41,63,171,0,0,0,"Left buccal malignant tumor excision with neck dissection, tracheostomy, left forearm flap repair, and backup anterolateral thigh flap",2,2,0,Buccal Mucosa,Arm,1,1,0,0,0,0,0,0,0,Not recurred,1521
784310,0,52,69,173,0,1,0,Radical Left Buccal Cancer Resection + Left Neck Dissection + Free Anterolateral Thigh Flap Transfer Repair,2,1,0,Buccal Mucosa,Thigh,1,0,0,0,0,0,0,0,0,Not recurred,1206
784844,0,67,56,167,0,1,0,Radical resection of left tongue cancer + neck lymph node dissection + tracheostomy + transfer of a flap from the medial aspect of the left lower leg for reconstruction + mandibular splitting + internal fixation with titanium plates and screws,3,3,0,Tongue,Leg,1,1,1,0,0,0,0,0,0,Not recurred,1026
785524,0,65,42,156,1,1,0,Extended Resection of Left Oropharyngeal Cancer + Neck Lymph Node Dissection + Fibula Flap Reconstruction + Tracheostomy,2,1,0,Oropharynx & Palate,Fibula,1,1,0,1,1,0,0,1,1,Not recurred,1510
786295,0,77,52,163,0,0,0,Extended Resection of Left Tongue Cancer + Neck Lymph Node Dissection + Anterolateral Thigh Flap Reconstruction + Tracheostomy,3,3,0,Tongue,Thigh,2,1,0,0,0,0,0,0,0,Not recurred,1861
787850,1,53,57,150,0,0,0,The left upper gingival buccal pharyngeal malignant tumor extended resection + left mandiblectomy + left pectoralis major myocutaneous flap repair + tracheostomy + titanium stent implantation,3,2,0,Gingiva & Jaw,Other,1,1,0,0,0,0,0,0,0,735,735
788124,0,42,85.5,178,0,0,1,Radical Resection of Recurrent Lesion on the Right Tongue After Left Tongue Cancer Surgery + Repair with Left Anterolateral Thigh Flap + Tracheostomy,3,2,0,Tongue,Leg,1,1,0,0,0,0,/,0,0,5,5
788988,1,84,50,150,0,0,0,Extended Resection of Left Buccal Cancer + Neck Lymph Node Dissection + Anterolateral Thigh Flap Reconstruction + Tracheostomy,4,2,0,Buccal Mucosa,Thigh,1,1,0,0,1,0,0,/,/,Not recurred,1526
791274,0,64,42,150,1,1,1,Extended Resection of Malignant Tumor of the Palate + Neck Dissection + Anterolateral Thigh Flap Reconstruction + Tracheostomy,3,2,0,Oropharynx & Palate,Thigh,2,1,0,0,0,0,0,0,0,Not recurred,1616
791416,0,58,60,167,0,1,0,Extended Resection of Tongue Base + Total Laryngectomy + Neck Lymph Node Dissection + Anterolateral Thigh Flap Reconstruction + Tracheostomy,2,2,0,Tongue,Thigh,1,1,0,0,0,0,0,0,0,Not recurred,1230
791526,0,75,65,170,1,1,0,Radical Left Buccal Cancer Resection + Left Neck Dissection + Free Anterolateral Thigh Flap Transfer Repair + Tracheostomy,3,2,0,Buccal Mucosa,Thigh,1,1,0,0,0,1,0,0,0,Not recurred,1104
791711,0,49,64,166,0,1,1,"Left cheek mass excision with partial left maxillectomy, block resection of the left mandible, bilateral neck lymph node dissection, titanium stent implantation, transfer of the left anterolateral thigh flap for reconstruction, and tracheotomy",1,1,1,Gingiva & Jaw,Thigh,2,1,0,0,0,0,0,0,0,77,77
791908,0,63,49,172,0,0,0,Extended Radical Resection for Left Buccal Cancer + Left Fibula Myocutaneous Flap Reconstruction + Tracheostomy,3,2,0,Buccal Mucosa,Fibula,1,1,0,0,0,0,0,0,0,1732,1732
792183,1,78,59,156,0,0,0,Extended Resection of Right Maxillary Cancer + Right Maxillectomy + Neck Lymph Node Dissection + Anterolateral Thigh Flap Reconstruction + Tracheostomy,1,1,0,Gingiva & Jaw,Thigh,1,1,0,0,0,1,0,0,0,Not recurred,1151
792518,0,73,65,168,1,0,0,Radical resection of right tongue cancer + neck dissection + tracheostomy + transfer of a flap from the inner side of the left lower leg + mandibular split + internal fixation with titanium plates and screws,3,1,0,Tongue,Leg,1,1,0,0,1,0,0,0,0,Not recurred,1083
793369,1,64,66.5,158,0,0,0,Radical left tongue cancer surgery + left neck dissection + midline split of the mandible + titanium plate and screw internal fixation + free pedicled vascular anterior lateral thigh flap transfer repair + tracheostomy,3,2,0,Tongue,Thigh,1,1,0,0,0,1,0,0,0,Not recurred,1461
794405,0,63,57,163,0,1,0,Radical Resection of Tongue Cancer + Neck Lymph Node Dissection + Anterolateral Thigh Flap Reconstruction + Tracheostomy,0,0,0,Tongue,Thigh,1,1,0,0,0,0,0,/,/,Not recurred,1324
794659,0,85,60,/,0,0,0,Radical Surgery for Right Tongue Cancer + Repair with Left Anterolateral Thigh Flap + Tracheostomy,3,2,1,Tongue,Thigh,1,1,0,0,1,1,0,/,/,Not recurred,2011
794772,0,41,78,173,1,1,1,Right cheek cancer extended resection + neck lymph node dissection + left forearm flap repair + left forearm skin grafting + tracheostomy,2,1,0,Buccal Mucosa,Arm,1,1,0,0,0,0,0,0,0,Not recurred,1449
795762,0,57,50.5,/,0,1,0,Radical surgery for left mandibular gingival cancer + left fibula fasciocutaneous flap repair + tracheostomy,2,1,0,Gingiva & Jaw,Fibula,1,1,0,0,0,0,/,1,0,Not recurred,2057
797011,0,52,60,160,1,0,0,Radical Resection of Malignant Tumor on the Right Tongue + Neck Dissection + Tracheostomy + Transfer of a Pedicled Flap from the Inner Side of the Calf + Osteotomy of the Mandible + Internal Fixation with Titanium Plates and Screws,2,1,0,Tongue,Leg,2,1,1,0,0,0,0,0,0,206,206
799009,0,65,63,168,1,1,0,The expanded resection of floor of mouth cancer + right modified radical neck dissection + left supraomohyoid neck dissection + partial mandibulectomy + right pectoralis major myocutaneous flap transfer repair + titanium plate and screw internal fixation + bilateral submandibular and sublingual gland excision + tracheostomy,3,2,0,Tongue,Other,2,1,0,0,0,0,/,0,0,693,693
799015,0,48,59,165,0,1,1,Radical Resection of Right Tongue Cancer + Neck Dissection + Transfer of Left Lower Leg Medial Flap for Reconstruction + Skin Graft from Abdomen + Tracheostomy,2,1,0,Tongue,Leg,1,1,0,0,0,0,0,0,0,206,206
799189,0,54,70,160,0,0,0,Right cheek cancer extended resection + neck lymph node dissection + anterolateral thigh flap reconstruction + tracheostomy,2,1,0,Buccal Mucosa,Thigh,1,1,0,0,0,0,0,/,/,Not recurred,1528
804623,0,67,80,174,1,1,0,Extended resection of right lower gingival cancer + neck lymph node dissection + fibula flap reconstruction + tracheostomy,3,2,0,Gingiva & Jaw,Fibula,1,1,1,1,0,1,0,0,0,Not recurred,1502
804929,0,66,64,161,0,0,0,Tracheostomy + Left Cervical Lymph Node Dissection + Left Submandibular Gland Excision + Extended Resection of Malignant Tumor in the Left Palate and Left Oropharynx + Left Tonsillectomy + Left Maxillectomy (Subtotal) + Free Transfer of Vascularized Anterolateral Thigh Muscle Flap for Defect Reconstruction,3,2,0,Gingiva & Jaw,Thigh,1,1,1,0,0,0,0,0,0,Not recurred,1186
805971,0,36,64,165,0,0,0,Radical left tongue cancer surgery + bilateral neck dissection + mandibular split + left anterolateral thigh flap reconstruction + vascular anastomosis + titanium plate and screw internal fixation + tracheostomy,2,1,0,Tongue,Thigh,2,1,0,0,0,0,0,1,0,135,135
809695,0,62,58,170,0,1,0,Radical Resection of Malignant Tumor on Left Tongue + Transfer of Lateral Thigh Flap for Reconstruction + Neck Dissection + Mandibular Splitting + Tracheostomy,3,2,0,Tongue,Thigh,2,1,1,0,0,0,0,0,0,Not recurred,1181
810004,1,41,44,163,0,0,0,Radical Resection of Right Tongue Cancer + Neck Dissection + Anterolateral Thigh Flap Reconstruction + Tracheostomy,1,1,0,Tongue,Thigh,1,1,0,0,0,0,0,0,0,Not recurred,1712
811407,1,71,44,155,0,0,0,Left lower gingival malignant tumor resection + left neck dissection + free left fibula flap transfer repair + tracheostomy,3,2,0,Gingiva & Jaw,Fibula,1,1,0,0,0,0,0,0,0,Not recurred,1126
814054,0,66,55,167,0,1,0,Resection of malignant tumor of the right upper palate + bilateral neck dissection + free transfer of left anterolateral thigh flap for reconstruction + tracheostomy,3,2,0,Oropharynx & Palate,Thigh,2,1,0,0,0,0,/,0,0,Not recurred,1203
814135,0,35,58,171,0,0,0,Extended Resection of Malignant Tumor of the Palate + Medial Graft of the Left Lower Leg + Tracheostomy,2,1,0,Oropharynx & Palate,Leg,2,1,0,0,0,0,/,0,0,Not recurred,2075
814848,0,47,66,170,1,1,0,Extended excision of left buccal cancer + neck lymph node dissection + right anterolateral thigh flap reconstruction + tracheostomy,2,1,0,Buccal Mucosa,Thigh,1,1,0,0,0,0,0,0,/,Not recurred,1967
815226,0,66,58,165,0,1,0,Radical Tongue Cancer Resection + Left Anterolateral Thigh Flap Reconstruction + Tracheostomy,3,2,0,Tongue,Thigh,2,1,0,0,0,0,0,0,0,Not recurred,1221
815947,0,47,73,172,0,1,0,Radical Resection of Right Tongue Cancer + Right Neck Dissection + Left Anterolateral Thigh Flap Reconstruction,2,2,0,Tongue,Thigh,1,1,0,0,0,0,/,0,0,Not recurred,1755
816369,1,55,58,160,0,0,0,"The extensive resection of a large malignant tumor in the left cheek, maxillary, mandibular, parotid, auricle, temporal, neck, and skull base regions + resection of necrotic bone in the left skull base, maxilla, zygoma, temporal bone, and mastoid + exploration of the left common carotid artery + ligation of the left external carotid artery + coverage of the common carotid artery and internal carotid artery with allogeneic dermal graft + left cervical lymph node dissection + titanium stent implantation + transfer of the left lower trapezius flap for reconstruction + replacement of the single-use tracheal tube",3,3,0,Gingiva & Jaw,Other,1,1,1,1,0,1,/,1,1,738,738
817255,0,64,73,160,0,1,0,Right Tongue Cancer Radical Surgery + Left Anterolateral Thigh Free Flap Reconstruction + Tracheostomy,3,2,0,Tongue,Thigh,2,1,0,0,0,1,0,0,0,Not recurred,1560
817277,1,62,50,158,0,0,0,Extended Left Tongue Cancer Resection + Neck Lymph Node Dissection + Anterolateral Thigh Flap Reconstruction + Tracheostomy,2,1,0,Tongue,Thigh,1,1,0,0,0,0,0,0,0,Not recurred,1533
820106,0,62,58,167,0,1,0,Radical Resection of Right Tongue Cancer + Free Anterolateral Thigh Flap Transfer for Reconstruction + Tracheostomy,2,1,0,Tongue,Thigh,1,1,0,1,0,1,0,0,0,Not recurred,1798
821159,1,60,50,155,0,0,0,The right maxillary gingivobuccal cancer radical resection + neck lymph node dissection + vascularized left fibula fascia-skin flap transfer repair + maxillary bone reconstruction + titanium plate and screw internal fixation + tracheostomy,2,1,0,Gingiva & Jaw,Fibula,1,1,0,0,1,0,0,1,1,Not recurred,1211
821472,1,53,55,159,0,0,0,Radical Resection of Right Tongue Cancer + Neck Dissection + Repair with Left Anterolateral Thigh Flap + Tracheostomy,0,0,0,Tongue,Thigh,1,1,0,0,0,0,0,0,0,Not recurred,1239
821872,0,56,90,176,0,0,0,Radical surgery for left lower gingival verrucous carcinoma + left neck dissection + right fibula flap reconstruction + tracheostomy,1,2,0,Gingiva & Jaw,Fibula,1,1,0,0,0,0,/,0,0,Not recurred,1057
822258,1,42,58.5,156,0,0,0,Radical Surgery for Left Tongue Cancer + Transfer of a Pedicled Flap from the Inner Side of the Left Calf for Repair + Tracheostomy,2,1,0,Tongue,Leg,1,1,0,0,0,0,0,/,/,Not recurred,1963
823182,0,50,65,164,0,0,0,The right tongue cancer extended radical resection + left lower leg medial flap transfer repair + neck dissection + midline mandibular split + titanium plate and screw internal fixation + tracheostomy,3,2,0,Tongue,Leg,2,1,1,0,0,0,0,0,0,Not recurred,1542
823645,0,62,61.5,169,0,0,0,The left pharyngeal cancer radical surgery + bilateral neck dissection + midline mandibular split + free anterolateral thigh flap transfer repair + tracheostomy,2,1,0,Gingiva & Jaw,Thigh,2,1,0,0,0,1,0,1,1,Not recurred,1187
826463,0,34,68,170,0,0,0,Radical Resection of Recurrent Left Oropharyngeal Cancer + Left Mandibular Resection + Neck Dissection + Fibula Free Flap Transfer Repair + Mandibular Reconstruction + Intermaxillary Fixation + Abdominal Skin Graft + Tracheostomy,2,1,0,Gingiva & Jaw,Fibula,1,1,0,0,0,0,0,0,0,927,927
826580,0,63,73,/,0,1,0,Right Tongue Cancer Extended Resection + Left Free Flap Reconstruction + Tracheostomy,2,1,0,Tongue,Arm,1,1,0,0,0,1,/,0,0,Not recurred,1725
826871,1,73,47,159,0,0,0,Radical right buccal cancer resection + right neck dissection + partial mandibulectomy + free left anterolateral thigh flap reconstruction + tracheostomy,3,2,0,Gingiva & Jaw,Thigh,1,1,0,0,0,0,0,0,0,17,17
826957,1,66,68,162,0,0,0,The right maxillary malignant tumor radical resection + right neck lymph node dissection + tracheotomy + left anterior lateral thigh flap transfer repair + mandibular parasagittal split + titanium plate and screw internal fixation,3,2,0,Gingiva & Jaw,Thigh,1,1,0,0,0,1,0,0,0,Not recurred,1074
827680,0,55,67,165,0,1,0,Radical resection of right lower gingival cancer + neck dissection + titanium stent reconstruction + left fibula fasciocutaneous flap transfer repair + abdominal skin grafting + patch repair + tracheostomy + extraction of lower left 8,3,2,0,Gingiva & Jaw,Fibula,1,1,0,0,0,0,0,0,0,975,975
827912,1,58,40,157,0,0,0,Radical resection of malignant tumor of the entire tongue + bilateral neck dissection + left pectoralis major flap transfer repair + right pectoralis major + tracheostomy,3,2,0,Tongue,Other,2,1,0,1,0,0,0,0,0,Not recurred,1130
827979,0,55,67.5,169,1,1,0,Radical Resection of Right Tongue Floor Cancer + Right Neck Lymph Node Dissection + Left Lower Leg Medial Flap Reconstruction + Tracheostomy,3,2,0,Tongue,Leg,2,1,0,0,0,0,0,0,0,Not recurred,1145
829465,1,76,45,155,0,0,0,Radical Resection of Right Tongue Cancer + Neck Dissection + Left Anterolateral Thigh Flap Reconstruction + Tracheostomy,2,2,0,Tongue,Thigh,1,1,0,0,0,1,0,0,0,Not recurred,1665
829783,0,70,61.5,172,1,1,0,Radical Left Tongue Cancer Surgery + Left Neck Dissection + Mandibular Splitting + Free Anterolateral Thigh Flap Transfer Repair + Tracheostomy,2,0,0,Tongue,Thigh,1,1,0,0,0,1,/,0,0,Not recurred,1083
830720,1,62,55,153,0,0,0,Radical Right Tongue Cancer Surgery,2,1,0,Tongue,No Flap,1,0,0,0,0,0,/,0,0,3288,3288
830830,0,42,72,168,1,1,0,Radical Resection of Malignant Tumor on the Right Tongue + Mandibular Splitting Surgery + Neck Lymph Node Dissection + Transfer of a Graft from the Medial Side of the Calf + Tracheostomy,3,2,0,Tongue,Leg,1,1,0,0,0,0,0,0,0,Not recurred,1177
831861,0,38,50,160,0,0,0,"Extended left tongue cancer resection with neck lymph node dissection, anterolateral thigh flap reconstruction, tracheostomy, and extraction of impacted left tooth",2,2,0,Tongue,Thigh,1,1,0,0,0,0,0,0,0,Not recurred,1204
832721,0,44,80,173,0,0,0,Radical Surgery for Left Tongue Cancer + Transfer of a Flap from the Inner Side of the Left Calf for Repair + Tracheotomy,2,1,0,Tongue,Leg,1,1,0,0,0,0,0,0,0,Not recurred,1243
833180,0,62,77.5,165,0,1,0,"Radical Resection of Malignant Tumor on the Right Tongue with Neck Dissection, Transfer of a Pedicle Flap from the Medial Left Leg, and Tracheostomy",3,2,0,Tongue,Leg,2,1,0,0,0,0,0,0,0,Not recurred,1182
834229,0,58,84,198,0,0,0,Left neck lymph node dissection + left tongue resection + tracheostomy,1,2,0,Tongue,Thigh,1,1,0,0,0,0,/,1,1,798,798
834306,0,40,65,173,0,0,0,Extended Resection of Recurrent Cancer in the Left Neck + Right Cervical Lymph Node Dissection + Free Anterolateral Thigh Flap Reconstruction + Tracheostomy,3,2,0,Other,Thigh,1,1,0,0,0,0,0,0,1,6,6
835208,0,56,53,169,0,1,0,Preoperative tracheostomy + right mandibular mass excision + right neck dissection + digital right fibula flap transfer reconstruction,3,2,0,Gingiva & Jaw,Fibula,1,1,0,0,0,0,/,0,0,Not recurred,1177
836169,0,62,70,168,0,0,0,Extended Resection of Left Buccal Cancer + Transfer of a Pedicled Flap from the Medial Side of the Left Leg for Reconstruction + Tracheotomy,3,2,0,Buccal Mucosa,Leg,1,1,0,0,0,0,0,0,0,Not recurred,1746
836631,0,59,65.5,164,0,0,0,Right maxillary gingivectomy + Right maxillectomy + Left lower leg medial flap repair + Tracheostomy,2,1,0,Gingiva & Jaw,Leg,1,1,0,0,0,0,/,0,0,Not recurred,2163
836695,0,33,90,177,0,1,0,Radical Resection of Right Lower Gingivobuccal Cancer + Tracheostomy + Neck Dissection + Fibula Myocutaneous Flap Transfer Repair + Extraction of Impacted Teeth in Both Upper and Lower Jaws,2,1,0,Gingiva & Jaw,Fibula,1,1,0,0,0,0,0,0,0,Not recurred,1136
836826,0,45,103,176,1,1,0,Radical Excision of Floor of Mouth Cancer + Bilateral Neck Dissection + Anterolateral Thigh Flap Reconstruction + Tracheostomy,1,1,0,Floor of Mouth,Thigh,2,1,0,0,0,0,0,0,0,Not recurred,1734
838170,0,78,48,160,0,1,0,Radical Surgery for Left Mandibular Gingival Cancer + Free Right Fibula Muscle Skin Flap Reconstruction + Tracheotomy,2,1,0,Gingiva & Jaw,Thigh,1,1,0,0,0,0,0,0,0,Not recurred,1718
838234,0,32,95,170,0,0,0,Extended radical resection of left tongue cancer + neck lymph node dissection + transfer and repair using a flap from the medial aspect of the left lower leg + midline splitting of the mandible + internal fixation with titanium plates and screws + tracheostomy,2,1,0,Tongue,Leg,1,1,0,0,0,0,0,0,0,Not recurred,1410
838260,1,65,60,150,0,0,0,Radical Resection of Malignant Tumor in Left Cheek + Neck Dissection + Transfer of Flap from Inner Side of Left Lower Leg + Tracheostomy,3,2,0,Buccal Mucosa,Leg,1,1,1,0,1,1,0,0,0,Not recurred,1138
838676,0,74,65.5,160,0,0,0,Radical Resection of Right Tongue Cancer + Neck Dissection + Tracheostomy + Transfer of a Pedicle Flap from the Medial Side of the Left Leg,3,2,0,Tongue,Leg,1,1,0,0,1,1,0,/,/,Not recurred,1187
838803,0,77,60,163,0,1,0,Radical left buccal cancer resection + extensive excision of right buccal mass + left neck dissection + right anterolateral thigh flap reconstruction + tracheotomy,3,2,0,Buccal Mucosa,Thigh,1,1,0,0,0,0,/,0,0,Not recurred,2034
839537,1,54,44,157,0,0,0,Right tongue cancer radical surgery + right neck dissection + left anterolateral thigh flap repair + tracheostomy,2,1,0,Tongue,Thigh,1,1,0,0,0,0,/,0,0,Not recurred,1881
839643,0,47,62,175,0,1,0,Right tongue cancer extended resection + right neck lymph node dissection + anterolateral thigh flap reconstruction + tracheostomy,2,1,0,Tongue,Thigh,1,1,0,0,0,0,0,0,0,Not recurred,1472
842194,1,68,69,168,0,0,0,Radical Resection of Left Buccal Cancer + Neck Dissection + Tracheostomy + Transfer of Lateral Thigh Flap for Reconstruction + Mandibular Splitting + Titanium Scaffold Reconstruction of the Mandible,2,1,0,Gingiva & Jaw,Thigh,1,1,0,0,0,1,0,0,0,Not recurred,1170
842368,0,59,75,175,1,1,0,Radical Resection of Right Tongue Cancer + Neck Dissection + Tracheostomy + Transfer and Repair of Left Anterolateral Thigh Flap,3,2,0,Tongue,Thigh,2,1,1,0,1,1,0,0,0,Not recurred,1145
843464,0,56,59,165,0,1,0,"The right sublingual, tongue, and submandibular recurrent lesion extended resection + right neck vascular exploration + right suprahyoid lymph node dissection + partial resection of the right mandible + removal of titanium plates and screws + reconstruction of the right mandible with titanium scaffold + ligation of the lower pole of the right parotid gland + free lateral thigh flap transfer for repair + tracheostomy",3,2,0,Tongue,Thigh,1,1,0,0,0,1,0,/,/,734,734
844132,1,56,56.5,156,0,0,0,Radical Resection of Left Lower Gingival Cancer + Left Neck Dissection + Right Fibula Flap Reconstruction + Tracheostomy,4,1,0,Gingiva & Jaw,Fibula,1,1,0,0,0,0,0,0,0,Not recurred,1113
844219,0,51,55,175,1,1,0,Radical Surgery for Right Tongue Cancer + Neck Dissection + Repair with Left Anterolateral Thigh Flap,2,1,0,Tongue,Thigh,1,1,0,0,0,0,/,0,0,Not recurred,1957
845276,0,68,78,170,0,0,0,Extended Resection of Tongue Base + Neck Lymph Node Dissection + Anterolateral Thigh Flap Reconstruction + Tracheostomy,2,1,0,Tongue,Thigh,1,1,0,0,0,0,0,0,0,Not recurred,1754
846039,1,53,54,156,0,0,0,The left lower gingival cancer recurrent lesion extended resection + left anterior lateral thigh flap repair + tracheotomy,1,0,0,Gingiva & Jaw,Thigh,0,1,0,0,0,0,0,1,0,1028,1028
846258,0,49,68,171,1,0,0,Radical surgery for left tongue cancer + repair with a flap from the inner side of the left leg + tracheostomy,2,1,0,Tongue,Leg,1,1,0,0,0,0,/,0,0,Not recurred,1173
847010,0,47,66,169,1,1,0,The right cheek malignant tumor extended resection + right mandibular partial resection + right neck lymph node dissection + left fibula fasciocutaneous flap transfer repair + tracheostomy,2,1,0,Gingiva & Jaw,Fibula,1,1,0,0,0,0,0,0,0,Not recurred,1323
848346,0,58,72,169,0,1,1,The left cheek malignant tumor radical resection + left neck lymph node dissection + tracheotomy + left lower leg medial flap transfer repair + partial resection of the left maxilla and mandible + titanium stent implantation,3,2,0,Gingiva & Jaw,Leg,1,1,0,0,0,0,0,0,0,Not recurred,1079
849385,1,36,54,154,0,0,0,Extended Resection of Left Tongue Cancer + Neck Lymph Node Dissection + Anterolateral Thigh Flap Reconstruction + Tracheostomy,1,1,0,Tongue,Thigh,1,1,0,0,0,0,0,0,/,Not recurred,1861
849574,0,40,57.5,173,1,1,0,Radical resection of malignant tumor on the left tongue + neck lymph node dissection + tracheostomy + transfer of a flap from the medial aspect of the left lower leg for reconstruction + mandibular split + internal fixation with titanium plates and screws,2,1,0,Tongue,Leg,1,1,0,0,0,0,0,0,0,Not recurred,1089
849609,0,58,67,164,0,0,0,Radical left tongue cancer surgery + left neck lymph node dissection + free left anterolateral thigh flap repair + tracheostomy,3,2,0,Tongue,Thigh,1,1,0,0,0,0,/,0,0,Not recurred,1599
849649,0,60,56,172,1,1,0,Radical Right Tongue Cancer Surgery + Left Forearm Flap Reconstruction + Tracheostomy,3,2,0,Tongue,Arm,1,1,0,0,0,0,0,0,0,Not recurred,1883
851054,1,70,55,156,0,0,0,Radical Resection of Malignant Tumor of the Left Upper Gingiva + Neck Dissection + Anterolateral Thigh Flap Transfer Repair + Tracheostomy,3,2,0,Gingiva & Jaw,Thigh,1,1,0,0,0,0,0,0,0,Not recurred,1311
851788,0,54,47.5,160,0,1,0,Right tongue mass excision + intraoperative frozen section + left lower leg medial flap transfer repair + tracheostomy,2,1,0,Tongue,Leg,2,1,0,0,0,0,0,0,0,Not recurred,1682
851878,0,39,80,166,0,0,0,Radical Resection of Malignant Tumor on the Right Tongue + Neck Dissection + Mandibular Splitting + Transfer of Medial Calf Flap for Reconstruction + Tracheostomy,2,1,0,Tongue,Leg,1,1,0,0,0,0,0,/,/,Not recurred,1290
854030,1,62,52,158,0,0,0,Extended resection of malignant tumor of the entire tongue + neck lymph node dissection + mandibular split + left anterolateral thigh flap transfer repair + tracheostomy,2,1,0,Tongue,Thigh,2,1,0,0,0,1,0,0,0,Not recurred,1416
855546,0,63,68,168,1,1,0,Radical Resection of Right Buccal Cancer + Neck Dissection + Anterolateral Thigh Flap Transfer Repair + Tracheostomy,0,1,0,Buccal Mucosa,Thigh,1,1,0,0,0,1,0,0,0,Not recurred,1150
856812,1,29,50,165,0,0,0,Extended radical resection of the entire tongue + midline splitting of the mandible + titanium plate and screw fixation + bilateral neck lymph node dissection + tracheostomy + left anterolateral thigh flap transfer repair,2,1,0,Tongue,Thigh,2,1,0,0,0,0,0,0,0,Not recurred,1521
856973,0,53,58,164,0,0,0,Extended Resection of Left Tongue Cancer + Neck Lymph Node Dissection + Anterolateral Thigh Flap Reconstruction + Tracheostomy,3,2,0,Tongue,Thigh,1,1,0,0,0,0,0,0,0,Not recurred,1193
857859,0,63,59,170,0,1,0,Radical Resection of Left Tongue Cancer + Transfer of Left Lower Leg Medial Flap for Reconstruction + Tracheotomy,2,1,0,Tongue,Leg,1,1,0,0,0,0,0,0,0,Not recurred,1166
858790,1,56,61.5,167,0,0,0,Radical Resection of Left Maxillary Gingival Cancer + Left Neck Dissection + Free Anterolateral Thigh Flap Reconstruction + Tracheostomy,2,1,0,Gingiva & Jaw,Thigh,1,1,0,0,0,0,0,0,0,Not recurred,1296
859197,0,60,56,173,0,1,0,"Extended Tongue Cancer Resection with Bilateral Neck Lymph Node Dissection, Left Anterolateral Thigh Free Flap Reconstruction, and Tracheostomy",3,2,0,Tongue,Thigh,2,1,0,0,0,0,0,0,0,Not recurred,1556
861370,1,53,40,158,0,0,0,Extended radical resection of left tongue cancer + bilateral neck lymph node dissection + midline mandibular split + titanium plate and screw internal fixation + tracheotomy + anterolateral thigh flap transfer repair,3,2,0,Tongue,Thigh,2,1,0,0,0,0,0,0,0,Not recurred,1506
861909,1,47,85,159,0,0,0,Radical surgery for right tongue cancer + repair with left anterior lateral thigh flap + tracheostomy,0,0,0,Tongue,Thigh,1,1,0,0,0,0,0,0,0,Not recurred,1503
862684,0,56,64,164,1,1,1,"Extended left buccal cancer resection with neck lymph node dissection, anterolateral thigh flap reconstruction, and tracheostomy",2,1,0,Buccal Mucosa,Thigh,1,1,0,0,1,0,0,0,0,Not recurred,1460
862696,0,72,52.5,150,0,0,0,Extended Resection of Left Oropharyngeal Cancer + Left Neck Lymph Node Dissection + Anterolateral Thigh Flap Reconstruction + Tracheostomy Before Surgery,1,2,0,Oropharynx & Palate,Thigh,1,1,0,0,0,1,0,/,/,Not recurred,1181
864912,0,56,70,167,0,1,1,The right maxillary gingival cancer extended resection + neck lymph node dissection + anterolateral thigh flap reconstruction + preoperative tracheostomy,3,2,0,Gingiva & Jaw,Thigh,1,1,0,0,0,1,0,0,0,Not recurred,1103
865096,0,21,69,183,0,0,0,The right maxillary sinus cancer extended resection + right maxillectomy + right orbital contents excision + neck lymph node dissection + anterolateral thigh flap reconstruction + tracheotomy,2,1,0,Gingiva & Jaw,Thigh,1,1,0,0,0,0,0,1,1,Not recurred,1765
865351,1,70,70,149,0,0,0,Radical Resection of Malignant Tumor on the Left Tongue + Neck Dissection + Tracheostomy + Transfer of a Pedicled Flap from the Inner Side of the Calf + Osteotomy of the Mandible + Internal Fixation with Titanium Plates and Screws,3,1,0,Tongue,Leg,1,1,0,0,0,1,0,0,0,Not recurred,1138
865805,0,48,53,168,1,1,0,Radical Surgery for Bilateral Floor of Mouth Cancer + Neck Lymph Node Dissection + Left Fibula Flap Reconstruction + Tracheostomy,3,2,0,Floor of Mouth,Fibula,2,1,1,0,0,0,/,0,0,Not recurred,2032
867158,0,63,55,168,0,0,0,Radical Surgery for Left Buccal Cancer + Left Mandibular Block Resection + Left Medial Calf Flap + Tracheostomy,2,1,0,Gingiva & Jaw,Leg,1,1,0,0,0,0,/,0,0,Not recurred,1832
868287,0,35,72,175,1,1,1,Radical resection of right tongue cancer + right neck lymph node dissection + transfer of a flap from the medial aspect of the left lower leg for reconstruction + tracheostomy + mandibular split + internal fixation with titanium plates and screws,2,1,0,Tongue,Leg,1,1,0,0,0,0,0,0,0,Not recurred,1095
869167,0,78,50,164,0,1,0,Extended Resection of Left Oropharyngeal Cancer + Neck Lymph Node Dissection + Fibula Flap Reconstruction + Tracheostomy,2,1,0,Oropharynx & Palate,Fibula,1,1,0,0,0,0,0,0,0,Not recurred,1148
869647,0,51,51,160,1,1,0,Right pharyngeal cancer extended resection + neck lymph node dissection + fibula fascia flap transfer repair + abdominal skin grafting + tracheostomy,2,1,1,Oropharynx & Palate,Fibula,1,1,0,0,0,0,0,0,0,Not recurred,1231
870163,1,53,69,159,0,0,0,"Extended Left Tongue Cancer Resection with Neck Lymph Node Dissection, Anterolateral Thigh Flap Transfer Repair, and Preoperative Tracheostomy",2,1,0,Tongue,Thigh,1,1,0,0,0,0,0,0,0,Not recurred,1103
870255,1,63,63,158,0,0,0,Extended excision of malignant tumor on the left cheek + left neck lymph node dissection + transfer repair with a flap from the medial aspect of the left leg,3,2,0,Buccal Mucosa,Leg,1,1,0,0,0,1,0,/,/,Not recurred,1540
870408,1,57,63,157,0,0,0,Radical excision of malignant tumor in the right cheek + neck dissection + tracheostomy + transfer of a flap from the medial aspect of the left lower leg + mandibular split + internal fixation with titanium plates and screws,2,1,0,Gingiva & Jaw,Leg,1,1,0,0,1,1,0,0,0,Not recurred,1135
870500,0,35,67.5,172,1,1,0,Radical resection of right tongue base cancer + right neck dissection + left neck dissection + mandibular split + left anterolateral thigh flap repair + vascular anastomosis + absorbable plate and screw internal fixation + tracheostomy,2,1,0,Tongue,Thigh,2,1,0,0,0,0,0,0,0,231,231
870601,0,68,52,169,0,1,0,Preoperative tracheostomy + left tongue cancer radical surgery + left anterolateral thigh free flap repair surgery + right anterolateral thigh flap as backup,3,2,0,Tongue,Thigh,1,1,0,0,0,0,0,0,0,Not recurred,1947
874023,0,58,77,170,1,1,1,Left Tongue Mass Excision,1,2,0,Tongue,No Flap,0,0,0,0,0,0,/,0,/,Not recurred,1062
874349,0,76,50,156,0,0,0,Resection of the maxillary mass + neck lymph node dissection + anterolateral thigh flap reconstruction + tracheostomy,2,1,0,Gingiva & Jaw,Thigh,1,1,0,0,0,0,0,0,0,Not recurred,1418
876147,0,43,54.5,170,1,1,1,Radical Total Glossectomy with Bilateral Neck Lymph Node Dissection and Left Medial Calf Flap Transfer Repair,2,1,0,Tongue,Leg,2,1,0,0,0,0,0,0,0,Not recurred,1942
876507,0,55,68.5,162,1,1,0,Radical Resection of Right Tongue Cancer + Right Neck Lymph Node Dissection + Left Anterolateral Thigh Flap Reconstruction + Tracheostomy,0,0,0,Tongue,Thigh,1,1,1,0,0,1,0,0,0,Not recurred,1121
878128,0,51,83,170,1,1,0,Right Tongue Cancer Extended Resection + Neck Lymph Node Dissection + Tracheostomy + Free Anterolateral Thigh Flap Transplantation,2,1,0,Tongue,Thigh,1,1,0,0,0,1,0,0,0,Not recurred,1178
878351,0,51,58.5,118,0,1,0,Extended Resection of Right Oropharyngeal Cancer + Neck Lymph Node Dissection + Fibula Flap Reconstruction + Tracheostomy,2,2,0,Oropharynx & Palate,Fibula,1,1,0,0,0,0,0,0,0,Not recurred,1544
878430,0,39,86,180,0,1,0,Extended Resection of Left Tongue Cancer + Neck Lymph Node Dissection + Anterolateral Thigh Flap Reconstruction + Tracheostomy,2,2,0,Tongue,Thigh,1,1,0,0,0,0,/,/,/,Not recurred,1520
878565,1,63,48,152,0,0,0,Extended resection of right lower gingival cancer + neck lymph node dissection + fibula flap reconstruction + tracheotomy,2,1,0,Gingiva & Jaw,Fibula,1,1,0,0,0,0,0,0,0,Not recurred,1130
879049,1,70,61,150,0,0,0,Extended radical resection of right tongue cancer + right neck lymph node dissection + midline split of mandible + transfer of right forearm flap for reconstruction + tracheostomy,2,1,0,Tongue,Arm,1,1,0,0,0,0,0,0,0,Not recurred,1501
880899,1,76,40.5,150,0,0,0,Radical Resection of Malignant Tumor on Left Tongue + Left Neck Lymph Node Dissection + Transfer of Left Forearm Flap for Defect Repair + Tracheostomy,3,2,0,Tongue,Arm,1,1,0,0,0,1,0,0,0,Not recurred,1215
881693,1,48,91,152,0,0,0,Radical Surgery for Left Tongue Cancer + Neck Lymph Node Dissection + Right Anterolateral Thigh Flap Reconstruction + Tracheostomy,2,2,0,Tongue,Thigh,1,1,0,0,0,0,0,0,/,Not recurred,1917
883250,0,73,59.5,164,1,1,0,"Radical left oropharyngeal cancer resection with neck dissection, right free fibula reconstruction, and tracheostomy",2,1,0,Oropharynx & Palate,Fibula,1,1,0,0,0,0,0,0,0,Not recurred,1686
883383,0,30,88,170,1,0,0,Extended left tongue cancer resection + neck lymph node dissection + anterolateral thigh flap reconstruction + tracheostomy,2,2,0,Tongue,Thigh,1,1,1,0,0,0,0,0,0,Not recurred,1379
884950,0,55,79,173,1,1,0,Extended Resection of Right Gingival Cancer + Segmental Resection of Right Mandible + Neck Lymph Node Dissection + Fibula Flap Reconstruction + Tracheostomy,2,1,0,Gingiva & Jaw,Fibula,1,1,0,0,0,0,/,0,0,Not recurred,1796
885440,0,67,55,170,1,1,0,Radical Resection of Right Maxillary Gingival Cancer + Right Neck Lymph Node Dissection + Transfer of Left Anterolateral Thigh Flap for Reconstruction + Tracheostomy + Orbital Floor Reconstruction,2,1,1,Gingiva & Jaw,Thigh,1,1,0,0,0,0,0,/,/,Not recurred,1046
886128,0,63,57,171,1,1,0,Right Tongue Cancer Extended Resection + Neck Lymph Node Dissection + Anterolateral Thigh Flap Reconstruction + Tracheostomy,2,0,0,Tongue,Thigh,1,1,0,0,0,0,0,0,0,Not recurred,1215
886491,0,65,57,167,0,0,0,Extended Resection of Tongue Cancer + Free Anterolateral Thigh Flap Transfer + Tracheostomy + Neck Lymph Node Dissection,1,1,0,Tongue,Thigh,1,1,0,0,0,0,0,0,0,Not recurred,1195
886562,1,62,55.5,150,0,0,0,Left buccal squamous cell carcinoma extended resection + left functional neck lymph node dissection + right anterior lateral thigh flap reconstruction + tracheostomy,3,2,0,Buccal Mucosa,Thigh,1,1,0,0,0,0,/,0,0,Not recurred,1988
887331,0,69,55,170,0,1,0,Right tongue malignant tumor extended resection + neck lymph node dissection + lateral leg flap transfer repair + tracheostomy,2,1,0,Tongue,Leg,1,1,0,1,0,1,0,0,0,1121,1121
887472,1,62,50,150,0,0,0,Radical Resection of Malignant Tumor in the Left Maxilla + Left Neck Lymph Node Dissection + Tracheostomy + Transfer of a Skin Flap from the Medial Side of the Left Lower Leg + Osteotomy of the Mandible + Internal Fixation with Titanium Plates and Screws,2,1,0,Gingiva & Jaw,Leg,1,1,0,0,0,0,0,0,0,Not recurred,1082
890378,0,78,61,169,0,1,0,Left maxillary gingival tumor excision + left neck dissection + free left anterolateral thigh flap transfer repair + tracheostomy,3,2,0,Gingiva & Jaw,Thigh,1,1,0,0,1,1,0,0,0,Not recurred,1321
890700,0,55,69,171,0,0,0,Right tongue cancer radical surgery + right neck lymph node dissection + midline split of the mandible + titanium plate and screw internal fixation + transfer of a flap from the medial side of the left lower leg for reconstruction + tracheostomy,2,1,0,Tongue,Leg,1,1,1,0,0,0,0,0,0,Not recurred,1527
890750,0,57,63.5,172,0,0,0,Radical excision of malignant tumor on the left tongue + neck dissection + mandibular split + tracheostomy + transfer of medial leg flap for reconstruction,3,2,0,Tongue,Leg,1,1,0,0,0,0,0,0,0,Not recurred,1307
891786,1,53,52.5,153,0,0,0,Radical resection of left tongue cancer + neck dissection + tracheostomy + transfer of a flap from the medial aspect of the lower leg + mandibular split + internal fixation with titanium plates and screws,2,1,0,Tongue,Leg,1,1,0,0,0,0,0,0,0,Not recurred,1074
892589,0,50,44.5,160,1,1,0,Right tongue mass extended resection + right neck dissection + left anterior thigh flap repair + preoperative tracheostomy,0,1,0,Tongue,Thigh,1,1,0,0,0,0,0,0,0,Not recurred,1121
892670,0,51,59,165,1,1,0,Radical surgery for cancer of the floor of the mouth + bilateral neck dissection + right anterolateral thigh flap reconstruction + tracheostomy,3,2,0,Other,Thigh,2,1,0,0,0,0,0,0,0,Not recurred,1594
894287,1,72,47,160,0,0,0,Right Lower Gingivectomy with Left Fibula Muscle Skin Flap Reconstruction,2,2,0,Other,Fibula,0,1,0,0,0,1,/,0,0,Not recurred,2435
895247,0,40,65,160,1,1,0,Right tongue cancer radical surgery + right neck dissection + left anterolateral thigh flap repair + tracheostomy,2,1,0,Tongue,Thigh,1,1,0,0,0,0,0,0,0,Not recurred,1350
895419,0,56,56,160,0,0,0,Extended Radical Resection of Right Buccal Cancer + Neck Dissection + Partial Mandibulectomy + Transfer of a Pedicled Flap from the Medial Side of the Left Lower Leg + Tracheostomy,3,2,0,Gingiva & Jaw,Leg,1,1,0,0,0,0,0,0,0,Not recurred,1484
896870,0,56,70,170,1,1,0,Extended excision of malignant tumor of the right lower gingiva + partial resection of the mandible + neck lymph node dissection + left fibula fasciocutaneous flap transfer repair + internal fixation with titanium plates and screws + tracheotomy,2,1,0,Gingiva & Jaw,Fibula,1,1,1,0,0,0,0,0,0,Not recurred,1316
898667,0,67,71,168,0,0,0,Extended Tongue Cancer Resection + Neck Lymph Node Dissection + Anterolateral Thigh Flap Reconstruction + Tracheostomy,3,2,0,Tongue,Thigh,2,1,0,0,0,0,0,0,0,Not recurred,1623
900910,0,64,70,168,0,1,0,Radical right tongue cancer resection + right neck dissection + midline split of the mandible + free anterolateral thigh flap transfer repair + tracheostomy,3,2,0,Tongue,Thigh,1,1,0,0,0,0,0,0,0,Not recurred,1083
901202,0,36,77,180,0,0,0,The left tongue cancer radical surgery + bilateral neck dissection + mandibular split + left anterolateral thigh flap repair + vascular anastomosis + titanium plate and screw internal fixation + tracheotomy,3,1,0,Tongue,Thigh,2,1,0,0,0,0,/,0,0,49,49
901653,1,59,50.5,150,0,0,0,Extended excision of malignant tumor on the right tongue + neck lymph node dissection + right anterolateral thigh flap repair + tracheostomy,2,1,0,Tongue,Thigh,1,1,0,0,0,0,0,0,/,Not recurred,2001
902228,1,70,58,156,0,0,0,The left soft palate tumor extended resection + left neck lymph node dissection + left pectoralis major myocutaneous flap repair + tracheostomy,4,2,0,Oropharynx & Palate,Other,1,1,1,0,0,1,0,0,0,Not recurred,1723
902762,0,36,99,184,0,1,0,Extended left tongue cancer resection + left neck dissection + mandibular split + anterolateral thigh flap reconstruction + vascular anastomosis + titanium plate and screw internal fixation + tracheostomy,2,1,0,Tongue,Thigh,1,1,0,0,0,0,0,0,0,196,196
902797,1,66,45,152,0,0,0,"The right cheek, mandible, and neck massive recurrent tumor extended resection + right neck lymph node dissection + free vascularized anterolateral thigh flap transfer for reconstruction + tracheotomy",4,2,0,Gingiva & Jaw,Thigh,0,1,0,0,0,1,/,0,0,Not recurred,1426
903201,0,52,71,160,0,0,0,"Radical Resection of Left Oral Cavity, Floor of Mouth, and Tongue + Left Neck Lymph Node Dissection + Transfer of Left Anterolateral Thigh Flap for Reconstruction + Tracheostomy + Mandibular Osteotomy + Internal Fixation with Titanium Plates and Screws",3,2,0,Tongue,Thigh,1,1,0,0,0,0,0,1,1,Not recurred,1095
903771,0,92,61,173,0,0,0,Radical Resection of Left Lower Gingival Cancer + Neck Dissection + Pectoralis Major Myocutaneous Flap Reconstruction + Tracheostomy,4,2,0,Gingiva & Jaw,Other,2,1,0,0,1,1,/,0,0,Not recurred,1646
905262,0,53,63,168,1,1,0,Radical Surgery for Tongue Cancer + Neck Dissection + Anterolateral Thigh Flap Reconstruction + Tracheostomy,2,2,0,Tongue,Thigh,1,1,1,0,0,1,0,0,0,Not recurred,1525
905528,0,55,56,168,0,0,0,Radical Surgery for Cancer of the Left Tongue and Floor of Mouth with Left Fibula Myocutaneous Flap Transfer and Repair plus Tracheostomy,2,1,0,Tongue,Fibula,2,1,0,0,0,0,0,0,0,Not recurred,1056
906030,0,80,50,162,0,0,0,Radical Resection of Malignant Tumor in the Left Tongue + Left Neck Dissection + Free Transfer of the Left Anterolateral Thigh Flap for Reconstruction + Backup Right Anterolateral Thigh Flap + Tracheostomy,3,2,0,Tongue,Thigh,2,1,0,0,0,1,0,/,/,Not recurred,1350
906784,0,64,64,163,0,1,0,Radical surgery for bilateral floor of mouth cancer + partial mandibulectomy + neck lymph node dissection + left fibula flap reconstruction,1,1,0,Gingiva & Jaw,Fibula,2,1,0,0,0,0,/,0,0,Not recurred,1108
907343,1,52,56,165,0,0,0,Radical Resection of Left Tongue Cancer + Left Neck Lymph Node Dissection + Anterolateral Thigh Flap Reconstruction + Tracheostomy,0,0,0,Tongue,Thigh,1,1,0,0,0,0,0,0,0,Not recurred,1134
909230,1,52,56,153,0,0,0,Postoperative recurrence extended resection of left oral floor + left neck lymph node dissection + mandibular split + right anterior lateral thigh flap repair + vascular anastomosis + titanium plate and screw internal fixation + tracheotomy,1,2,0,Gingiva & Jaw,Thigh,1,1,1,0,0,1,0,0,0,6,6
909747,0,62,50,165,1,1,0,Extended Left Oropharyngeal Cancer Resection + Neck Lymph Node Dissection + Free Fibula Flap Transplantation + Tracheostomy,3,2,0,Oropharynx & Palate,Fibula,1,1,0,0,0,0,0,0,0,Not recurred,1170
910893,0,72,60,163,0,0,0,Radical Surgery for Left Tongue Cancer + Repair with a Pedicled Flap from the Inner Side of the Left Leg + Tracheostomy,2,1,0,Tongue,Leg,1,1,0,0,0,0,/,0,0,Not recurred,1133
911102,1,56,46.5,154,0,0,0,Radical Surgery for Oropharyngeal Cancer + Lateral Thigh Flap Transfer Repair + Tracheostomy,1,1,0,Oropharynx & Palate,Thigh,1,0,0,0,1,0,0,0,0,Not recurred,1735
912755,1,54,60,158,0,0,0,The left tongue cancer extended resection + neck lymph node dissection + left anterior lateral thigh flap transfer repair + midline mandibular split + titanium plate and screw fixation + tracheostomy,2,1,0,Tongue,Thigh,2,1,0,0,0,0,0,/,/,Not recurred,1520
913319,1,33,54,160,0,0,0,"Extended left tongue cancer resection with neck lymph node dissection, anterolateral thigh flap reconstruction, and tracheostomy",2,1,0,Tongue,Thigh,1,1,0,0,0,0,0,0,0,167,167
913622,0,58,58,165,1,1,0,Resection of radioactive osteonecrosis of the right mandible + left fibula musculocutaneous flap repair + vascular anastomosis + intraoperative frozen section + titanium plate and screw internal fixation + tracheostomy,3,2,0,Gingiva & Jaw,Fibula,0,1,0,0,0,0,0,1,1,109,109
913740,0,70,58,162,0,0,0,Radical Resection of Right Tongue Cancer with Neck Dissection and Left Anterolateral Thigh Flap Reconstruction,1,2,0,Tongue,Thigh,1,0,0,0,0,0,0,0,0,Not recurred,1710
914031,0,52,50,131,0,1,0,Radical Resection of Left Tongue Cancer + Cervical Lymph Node Dissection + Anterolateral Thigh Flap Reconstruction,1,1,0,Tongue,Thigh,1,1,0,0,0,0,0,0,0,Not recurred,1250
914918,0,59,64,169,0,0,0,Extended resection of malignant tumor in the left tongue and floor of mouth + left neck dissection + excision of left submandibular gland and sublingual gland + ligation and excision of the lower pole of the left parotid gland + excision of the left tonsil + tracheostomy + free anterolateral thigh flap transfer for reconstruction,2,1,0,Tongue,Thigh,1,1,0,0,0,0,0,0,0,Not recurred,1169
915561,1,40,53,160,0,0,0,Radical Surgery for Left Tongue Cancer + Repair with a Flap from the Inner Side of the Left Calf + Abdominal Skin Graft + Tracheostomy,2,3,0,Tongue,Leg,1,1,0,0,0,0,0,0,0,1603,1603
916092,0,22,83,180,1,1,1,Radical left tongue cancer surgery + left neck dissection + left anterolateral thigh flap repair + tracheostomy,2,1,0,Tongue,Thigh,1,1,0,0,0,0,0,0,0,Not recurred,1166
916962,0,45,64,173,1,1,0,Radical Right Tongue Cancer Surgery + Left Lower Leg Medial Flap Transfer Repair + Tracheostomy,2,1,0,Tongue,Leg,1,1,0,0,0,0,0,0,0,Not recurred,1627
917019,1,64,46,159,0,0,0,Extended Resection of Left Tongue Cancer + Neck Lymph Node Dissection + Anterolateral Thigh Flap Reconstruction + Tracheostomy,2,2,0,Tongue,Thigh,1,1,0,0,0,0,0,0,0,Not recurred,1166
917188,1,48,50,160,0,0,0,Extended Tongue Cancer Resection + Bilateral Neck Lymph Node Dissection + Anterolateral Thigh Flap Reconstruction + Tracheostomy,0,0,0,Tongue,Thigh,2,1,0,0,0,0,0,0,0,Not recurred,1519
917299,1,68,67,167,0,0,0,Radical resection of right tongue cancer + right neck dissection + transfer of left lower leg medial flap for reconstruction + tracheostomy + mandibular split + internal fixation with titanium plates and screws,3,2,0,Tongue,Leg,1,1,0,0,0,0,0,0,0,Not recurred,1180
917521,0,62,63,173,0,1,0,"Radical excision of malignant tumors in bilateral floor of mouth with neck dissection, tracheostomy, mandibular split, block resection of mandible, and transfer of a flap from the medial aspect of the right lower leg",3,2,0,Gingiva & Jaw,Leg,2,1,0,0,1,1,0,0,0,Not recurred,1137
917595,1,56,43,153,0,0,0,Extended resection of right upper gingival cancer + neck lymph node dissection + anterolateral thigh flap reconstruction + tracheotomy,2,2,0,Gingiva & Jaw,Thigh,1,1,0,0,0,0,0,0,0,Not recurred,1196
917947,0,79,54,163,1,1,0,Extended Resection of Right Buccal Carcinoma + Neck Lymph Node Dissection + Anterolateral Thigh Flap Reconstruction + Preoperative Tracheostomy,3,1,0,Buccal Mucosa,Thigh,2,1,0,1,1,0,0,0,1,Not recurred,1161
918423,0,63,65,172,0,0,0,Extended excision of bilateral buccal malignant tumors + partial mandibulectomy + bilateral neck lymph node dissection + fibula flap transfer repair + tracheostomy before surgery,3,2,0,Gingiva & Jaw,Fibula,2,1,0,0,0,0,0,0,0,Not recurred,1180
919360,1,38,41,150,0,0,0,Radical Resection of Right Tongue Cancer + Neck Dissection + Transfer of Graft from the Inner Side of the Calf for Reconstruction,2,1,0,Tongue,Leg,1,1,0,0,0,0,0,0,0,Not recurred,1067
920289,1,55,56,154,0,0,0,Right Tongue Cancer Radical Surgery + Left Calf Medial Flap Transfer Repair Surgery + Tracheostomy,2,1,0,Tongue,Leg,1,1,0,0,0,0,0,0,0,Not recurred,1865
921079,1,88,40,158,0,0,0,Radical right buccal cancer resection + right neck lymph node dissection + free left anterolateral thigh flap repair + tracheostomy,3,2,0,Buccal Mucosa,Thigh,1,1,0,0,0,0,/,0,0,Not recurred,1545
924085,1,62,56,155,0,0,0,Radical Surgery for Left Tongue Cancer + Anterolateral Thigh Flap Reconstruction + Tracheostomy,2,2,0,Tongue,Thigh,1,1,0,0,0,0,0,0,0,Not recurred,1508
926645,0,45,59,170,0,1,0,The left cheek cancer radical resection + left neck lymph node dissection + tracheotomy + left anterolateral thigh flap transfer repair + maxillectomy and mandibulectomy,2,1,0,Gingiva & Jaw,Thigh,1,1,0,0,0,0,0,0,0,577,577
926810,1,56,56.5,160,0,0,0,Radical right oropharyngeal cancer resection + right neck dissection + fibula flap reconstruction + tracheostomy,0,1,0,Oropharynx & Palate,Fibula,1,1,0,1,0,0,0,/,/,Not recurred,1324
927660,1,71,50,155,0,0,0,Tracheostomy Preoperative + Radical Surgery for Left Maxillary Gingival Cancer + Repair with Left Pectoralis Major Myocutaneous Flap,3,2,0,Gingiva & Jaw,Arm,0,1,0,0,0,0,/,0,0,Not recurred,1948
927932,0,61,65,170,0,1,0,Radical Resection of Left Tongue Cancer + Left Neck Lymph Node Dissection + Right Anterolateral Thigh Flap Reconstruction + Tracheostomy,0,0,0,Tongue,Thigh,1,1,0,0,0,0,0,0,0,Not recurred,1215
928257,0,65,69,165,0,0,0,Extended excision of bilateral buccal mass + extended excision of palatal mass + bilateral neck lymph node dissection + anterolateral thigh flap reconstruction + tracheostomy,3,2,0,Buccal Mucosa,Thigh,2,1,0,0,0,0,0,0,0,Not recurred,1913
930438,1,83,58.5,163,0,0,0,Left Tongue Mass Resection with Graft Repair,3,1,0,Tongue,Other,0,0,0,0,0,0,/,0,0,921,921
930906,0,76,78,168,1,0,0,Right Neck Massive Mass Excision with Radical Neck Dissection,1,1,0,Other,No Flap,1,1,1,0,0,1,/,0,0,Not recurred,1831
931707,0,53,63,163,1,1,0,The right tongue cancer radical resection + mandibular split + right radical neck lymph node dissection + left functional neck lymph node dissection + right pectoralis major myocutaneous flap transfer repair + absorbable plate and screw internal fixation + tracheostomy,2,2,0,Tongue,Other,1,1,0,0,0,0,/,0,0,139,139
931945,0,53,46,160,0,0,0,Radical Tongue Cancer Resection + Bilateral Neck Lymph Node Dissection + Free Left Anterolateral Thigh Flap Reconstruction + Tracheostomy,3,2,0,Tongue,Thigh,2,1,0,0,0,0,/,0,1,Not recurred,1185
933192,1,41,53,/,0,0,0,Radical Surgery for Left Tongue Cancer + Left Forearm Flap Reconstruction + Tracheostomy,2,1,0,Tongue,Arm,1,1,0,0,0,0,/,0,0,Not recurred,2339
933488,0,55,58,168,1,1,0,Extended excision of malignant tumor on the right tongue + neck lymph node dissection + mandibular split + transfer of a flap from the medial aspect of the left lower leg + tracheostomy,2,1,0,Tongue,Leg,1,1,1,0,0,0,0,0,0,Not recurred,1446
933821,0,64,62,170,0,0,0,The left buccal cancer recurrent lesion extended resection + left mandibular osteotomy + tracheostomy + neck lymph node dissection + free left fibula flap transplantation,1,1,0,Gingiva & Jaw,Fibula,0,1,1,0,0,1,0,0,0,54,54
933965,0,61,61,166,0,0,0,Extended Resection of Squamous Cell Carcinoma of the Right Upper Palate + Subtotal Resection of the Right Maxilla + Right Neck Lymph Node Dissection + Reconstruction with Left Anterolateral Thigh Flap + Tracheostomy,1,1,0,Gingiva & Jaw,Thigh,1,1,0,0,0,0,0,0,0,471,471
934973,0,52,70,171,0,0,0,Radical Resection of Left Lower Gingival Cancer + Neck Lymph Node Dissection + Right Fibula Myocutaneous Flap Transfer Reconstruction + Tracheostomy,2,1,0,Gingiva & Jaw,Fibula,1,1,0,0,0,0,0,0,0,Not recurred,1122
935164,0,70,62,162,0,1,0,Extended excision of malignant tumor in the right tongue and floor of mouth + removal of right sublingual gland and submandibular gland + ligation and excision of the lower pole of the right parotid gland + right neck dissection + tracheostomy + free transfer of the right anterolateral thigh flap for reconstruction,3,2,0,Tongue,Thigh,1,1,0,0,0,0,0,0,0,Not recurred,1169
935270,1,65,46.5,160,0,0,0,Extended resection of malignant tumors on both sides of the tongue + bilateral neck lymph node dissection + tracheotomy + left anterolateral thigh flap transfer repair + mandibular split + titanium plate and screw internal fixation,2,1,0,Tongue,Thigh,2,1,0,0,0,0,0,0,0,Not recurred,1082
936834,0,57,68.5,168,0,1,0,The left cheek cancer extended resection + bilateral neck lymph node dissection + tracheotomy + left anterolateral thigh free flap repair,3,2,0,Buccal Mucosa,Thigh,2,1,1,0,0,0,0,0,0,Not recurred,1602
937846,0,55,68,165,0,1,0,Extended resection of malignant tumor in right oropharynx + right neck lymph node dissection + left free fibula flap reconstruction + tracheostomy before surgery,2,1,0,Oropharynx & Palate,Fibula,1,1,0,0,0,0,/,0,/,Not recurred,2185
938516,1,57,69.5,165,0,0,0,Right maxillary cancer extended resection + right neck lymph node dissection + free right fibula flap transplantation + tracheostomy,2,1,0,Gingiva & Jaw,Fibula,1,1,0,0,0,0,/,0,0,Not recurred,1394
940783,0,56,50,158,1,1,0,Radical resection of left oropharyngeal malignant tumor + left neck lymph node dissection + midline split of mandible + internal fixation with titanium plates and screws + transfer of left anterior lateral thigh flap for reconstruction + tracheostomy,2,1,0,Gingiva & Jaw,Thigh,1,1,0,0,0,0,0,1,1,675,675
941280,0,44,60,165,1,1,0,Left Tongue Margin Malignant Tumor Resection + Left Neck Dissection + Free Transfer of the Left Anterolateral Thigh Flap for Repair + Tracheostomy,2,1,0,Tongue,Thigh,1,1,0,0,1,0,/,0,0,Not recurred,1226
941802,0,54,54,155,1,1,0,The right tongue malignant tumor radical resection + neck dissection + tracheostomy + left lower leg medial flap transfer repair + mandibular split + titanium plate and screw internal fixation,3,2,0,Tongue,Leg,1,1,1,0,1,1,0,0,0,Not recurred,1174
942500,0,66,66,165,0,1,0,Radical resection of left upper gingival cancer + tracheostomy + neck dissection + anterolateral thigh flap transfer repair + mandibular split + titanium plate and screw internal fixation,2,1,0,Gingiva & Jaw,Thigh,1,1,0,0,0,0,0,0,0,Not recurred,1055
942678,0,66,68,168,0,1,0,Left cheek malignant tumor excision with left lower leg medial fascial flap repair,3,2,1,Buccal Mucosa,Leg,0,1,0,0,0,0,/,0,0,Not recurred,1070
943821,1,80,55,145,0,0,0,Right Tongue Cancer Extended Resection + Neck Lymph Node Dissection + Anterolateral Thigh Flap Reconstruction + Tracheostomy,2,1,0,Tongue,Thigh,1,1,0,0,0,0,0,0,0,Not recurred,1110
944479,0,57,74,173,0,0,0,The radical resection of left maxillary gingival cancer + left orbital exenteration + neck dissection + anterolateral thigh flap transfer repair + mandibular split osteotomy + titanium plate and screw internal fixation + tracheostomy,2,1,0,Gingiva & Jaw,Thigh,1,1,0,0,0,1,0,0,0,913,913
944666,1,70,49,148,0,0,0,The left tongue cancer radical surgery + bilateral neck lymph node dissection + left anterior lateral thigh free flap repair + tracheostomy + right anterior lateral thigh for backup,3,2,0,Tongue,Thigh,1,1,0,0,1,0,0,0,0,Not recurred,1625
944841,0,67,73,178,1,1,0,Radical surgery for left floor of mouth cancer + bilateral neck dissection + free transfer of left anterolateral thigh flap for reconstruction + tracheostomy,4,3,0,Floor of Mouth,Thigh,2,1,0,0,1,1,0,/,/,Not recurred,1198
944861,0,34,62,163,1,1,1,Extended Left Tongue Cancer Resection + Neck Lymph Node Dissection + Anterolateral Thigh Flap Reconstruction + Tracheostomy,3,2,0,Tongue,Thigh,2,1,0,0,0,0,0,0,0,Not recurred,1110
944912,0,38,85,164,0,1,1,Extended Resection of Left Oropharyngeal Cancer + Cervical Lymph Node Dissection + Tracheostomy + Fibula Flap Reconstruction,2,2,0,Oropharynx & Palate,Fibula,1,1,0,0,0,0,0,0,0,Not recurred,1526
945042,1,52,55,148,0,0,0,"The right lower gingiva, oropharyngeal malignant tumor extended resection + partial resection of the right mandible + tracheotomy + right neck dissection + free left fibula myocutaneous flap transfer and reconstruction",2,1,0,Gingiva & Jaw,Fibula,1,1,0,0,0,0,0,0,0,Not recurred,1197
945739,0,75,58.3,162,0,1,0,Right Tongue Malignant Tumor Resection + Bilateral Neck Dissection + Free Left Anterolateral Thigh Flap Transfer Repair + Tracheostomy,2,2,0,Tongue,Thigh,2,1,0,0,0,0,0,0,0,Not recurred,1200
945989,0,46,61,167,1,1,0,The right maxillary malignant tumor extended resection + right neck dissection + mandibular incision + right lower leg inner flap transfer repair + abdominal skin graft + tracheostomy,3,2,0,Gingiva & Jaw,Leg,1,1,0,0,0,0,/,1,1,Not recurred,1286
946134,0,57,52,160,0,0,0,Radical resection of the entire tongue + bilateral neck lymph node dissection + tracheotomy + left anterior thigh flap transfer repair + mandibular split + titanium plate and screw internal fixation,3,2,0,Tongue,Thigh,2,1,0,0,0,0,0,/,/,Not recurred,1033
946560,0,65,64,175,1,0,0,Left lower gingival malignant tumor extended resection + left neck lymph node dissection + partial resection of the left mandible + right free fibula flap reconstruction,2,1,0,Gingiva & Jaw,Fibula,1,1,0,0,0,0,/,0,0,Not recurred,1208
946875,0,53,53,165,0,1,0,Radical surgery for cancer of the floor of the mouth + bilateral neck lymph node dissection + free fibula flap reconstruction + tracheostomy,1,2,0,Other,Fibula,2,1,0,0,0,0,0,0,0,Not recurred,1554
947960,1,64,46,148,0,0,0,Extended resection of left lower gingivobuccal cancer + partial resection of left mandible + functional neck lymph node dissection + fibula flap reconstruction + tracheotomy,1,3,0,Gingiva & Jaw,Fibula,1,1,0,0,0,0,0,1,1,745,745
948330,0,80,38.5,145,0,0,0,Extended excision of malignant tumor on the left tongue + left neck lymph node dissection + midline split of the mandible with titanium plate and screw internal fixation + vascularized anterolateral thigh flap reconstruction + tracheostomy,2,2,0,Tongue,Thigh,1,1,0,0,0,0,/,/,/,Not recurred,1366
949779,1,54,55,160,1,1,0,"Left cheek mass excision with neck lymph node dissection, anterolateral thigh flap reconstruction, and tracheostomy",1,1,0,Buccal Mucosa,Thigh,1,1,0,0,0,0,0,0,/,Not recurred,1861
949823,0,40,80,166,0,0,0,Right tongue cancer postoperative recurrence extended resection + total glossectomy + left neck lymph node dissection + left anterolateral thigh flap repair + tracheostomy,2,1,0,Tongue,Thigh,2,1,0,0,0,0,0,0,0,1837,1837
952148,0,40,74,168,0,1,1,Radical Resection of Left Lower Gingival Cancer + Left Neck Dissection + Left Fibula Flap Reconstruction + Preoperative Tracheostomy,2,1,0,Gingiva & Jaw,Fibula,1,1,0,0,0,0,0,0,0,Not recurred,1112
952225,0,75,66,168,0,1,0,Right Tongue Cancer Extended Resection + Lateral Thigh Flap Free Transfer + Neck Lymph Node Dissection + Tracheostomy,2,1,0,Tongue,Thigh,1,1,0,0,0,0,0,0,0,Not recurred,1147
952796,0,80,80,171,0,0,0,Radical left buccal cancer resection + partial resection of the left maxilla and mandible + repair with a flap from the medial aspect of the left lower leg + tracheostomy,3,2,0,Gingiva & Jaw,Leg,1,1,0,0,0,1,/,0,0,Not recurred,1506
952918,0,68,61,163,0,0,0,Resection of Recurrent Gingival Cancer in the Right Lower Jaw + Transfer of Left Fibula Myocutaneous Flap for Reconstruction + Tracheostomy,3,2,0,Gingiva & Jaw,Other,1,1,0,0,0,1,0,0,0,1981,1981
953938,0,48,79,175,0,0,0,"Extended Left Tongue Cancer Resection with Neck Lymph Node Dissection, Anterolateral Thigh Flap Reconstruction, and Tracheostomy",0,1,0,Tongue,Thigh,1,1,0,0,0,0,0,0,0,Not recurred,1149
954048,1,62,43,141,0,0,0,Radical Resection of Left Soft Palate Cancer + Neck Dissection + Anterolateral Thigh Flap Transfer Repair + Tracheostomy,2,1,0,Oropharynx & Palate,Thigh,1,1,0,0,0,0,0,0,0,Not recurred,1145
954220,0,62,80,172,1,1,0,Radical resection of right tongue cancer + right neck lymph node dissection + tracheostomy + transfer of left lower leg medial flap for reconstruction + mandibular split + internal fixation with titanium plates and screws,3,2,0,Tongue,Leg,1,1,0,0,0,1,/,0,0,Not recurred,1047
954615,0,51,48,160,1,1,0,"The extensive excision of a large malignant tumor in the anterior mandibular region, bilateral partial mandibulectomy, bilateral neck lymph node dissection, titanium stent implantation, left anterolateral thigh flap reconstruction, and tracheostomy",3,2,0,Gingiva & Jaw,Thigh,2,1,0,0,0,0,0,1,1,1121,1121
956074,0,81,58,160,0,0,0,Extended Resection of Malignant Tumor on the Right Tongue + Right Neck Dissection + Reconstruction with Adjacent Flap from the Right Tongue,2,0,0,Tongue,No Flap,1,0,0,0,0,0,0,/,/,Not recurred,950
957361,1,74,58,155,0,0,0,Extended Resection of Right Buccal Carcinoma + Resection of Left Buccal Mass + Neck Lymph Node Dissection + Anterolateral Thigh Flap Reconstruction,2,2,0,Buccal Mucosa,Thigh,1,1,0,0,0,0,0,/,/,Not recurred,1177
958273,0,49,72,175,1,0,0,Extended Left Tongue Cancer Resection + Neck Lymph Node Dissection + Anterolateral Thigh Flap Reconstruction + Tracheostomy,2,1,0,Tongue,Thigh,1,1,1,0,0,0,0,0,0,Not recurred,1471
959986,0,73,67,160,0,1,0,Right tongue cancer extended resection + neck lymph node dissection + anterolateral thigh flap reconstruction + tracheostomy,1,1,0,Tongue,Thigh,1,1,0,0,0,0,0,0,0,Not recurred,1203
960489,0,52,69,176,1,1,0,Right Tongue Cancer Extended Resection + Neck Lymph Node Dissection + Anterolateral Thigh Flap Reconstruction + Tracheostomy,2,2,0,Tongue,Thigh,1,1,1,0,0,0,0,0,0,Not recurred,1377
961426,0,71,60,170,0,1,0,"Left lower gingiva, buccal, and oropharyngeal malignant tumor extended resection + segmental mandibulectomy + left neck dissection + free right fibula flap transfer repair + titanium scaffold implantation + intermaxillary traction + tracheostomy",3,2,0,Gingiva & Jaw,Fibula,1,1,0,0,0,0,0,/,/,Not recurred,994
961482,1,86,42,149,0,0,0,Right Tongue Cancer Extended Resection + Neck Lymph Node Dissection + Forearm Flap Transfer Repair + Tracheostomy,4,2,0,Tongue,Thigh,1,1,1,0,1,1,0,0,0,Not recurred,1363
961564,0,45,55,165,0,1,0,Extended excision of malignant tumor on the left tongue + neck dissection + mandibular split + transfer of a flap from the inner side of the lower leg + tracheostomy,2,1,0,Tongue,Leg,1,1,0,0,0,0,0,0,0,Not recurred,1155
961593,0,72,65,165,0,0,0,Radical Resection of Left Mandibular Gingival Cancer + Left Neck Dissection + Left Free Fibula Reconstruction + Preoperative Tracheostomy,3,2,0,Gingiva & Jaw,Fibula,1,1,0,0,1,0,/,0,/,Not recurred,2212
962080,1,27,49.5,160,0,0,0,Radical surgery for left tongue cancer + left neck dissection + right anterolateral thigh flap reconstruction + tracheostomy,1,1,0,Tongue,Thigh,1,1,0,0,0,0,0,0,0,Not recurred,1144
962838,1,59,56,155,0,0,0,Radical resection of right tongue cancer + right neck lymph node dissection + tracheotomy + transfer of a flap from the medial aspect of the left lower leg for reconstruction + mandibular splitting + internal fixation with titanium plates and screws,2,1,0,Tongue,Leg,1,1,0,0,0,0,/,0,0,Not recurred,1065
963080,1,57,65,160,0,0,0,Right Tongue Cancer Extended Resection + Neck Lymph Node Dissection + Anterolateral Thigh Flap Repair + Tracheostomy,2,1,0,Tongue,Thigh,1,1,0,0,0,0,0,0,0,Not recurred,1425
963098,1,56,70,159,0,0,0,Extended Resection of Left Buccal Cancer,2,0,0,Buccal Mucosa,No Flap,0,0,0,0,0,0,0,0,0,Not recurred,1161
963937,0,47,57,177,0,0,0,Right buccal cancer extended resection + right neck dissection + free left anterolateral thigh flap transfer repair,2,1,0,Buccal Mucosa,Thigh,1,0,0,0,0,0,0,0,0,1171,1171
964363,1,54,45,155,0,0,0,Total left maxillectomy + partial right maxillectomy + left anterolateral thigh flap transfer reconstruction + titanium mesh placement + orbital floor reconstruction + tracheotomy,3,2,0,Gingiva & Jaw,Thigh,1,1,0,0,0,0,0,0,0,Not recurred,1788
964666,1,30,40,158,0,0,0,Total Tongue Resection + Bilateral Floor of Mouth Malignant Tumor Resection + Bilateral Neck Dissection + Left Anterolateral Thigh Flap Reconstruction,3,1,0,Tongue,Thigh,2,0,0,0,0,0,0,1,0,70,70
964850,1,28,43.5,161,0,0,0,Radical Right Tongue Cancer Surgery + Left Lower Leg Medial Flap Reconstruction + Tracheostomy,2,1,0,Tongue,Leg,1,1,0,0,0,0,/,0,0,Not recurred,1204
966177,0,69,51,168,0,1,0,Extended Left Tongue Cancer Resection + Neck Lymph Node Dissection + Free Anterolateral Thigh Flap Reconstruction + Tracheostomy,2,1,0,Tongue,Thigh,1,1,0,0,0,0,0,0,0,Not recurred,1179
967048,0,40,59,170,1,1,0,Radical surgery for left tongue cancer + left neck dissection + left anterolateral thigh flap reconstruction + tracheostomy,2,0,0,Tongue,Thigh,1,1,0,0,0,0,0,0,0,Not recurred,1190
967594,1,69,55,158,0,0,0,Radical Resection of Right Maxillary Gingival Cancer + Neck Lymph Node Dissection + Transfer of a Pedicled Flap from the Medial Side of the Left Leg + Tracheostomy,3,2,0,Gingiva & Jaw,Leg,1,1,0,0,0,0,0,0,0,Not recurred,1279
967710,0,43,76,168,1,1,0,Radical Surgery for Left Tongue Cancer + Free Anterolateral Thigh Flap Reconstruction + Tracheostomy,3,2,0,Tongue,Thigh,1,1,0,0,0,0,0,0,0,Not recurred,1230
967922,0,34,49,173,1,1,1,Extended Left Tongue Cancer Resection + Neck Lymph Node Dissection + Mandibular Splitting Surgery + Titanium Plate and Screw Internal Fixation + Medial Leg Flap Transfer Repair + Tracheostomy,2,1,0,Tongue,Leg,1,1,0,0,0,0,/,0,0,Not recurred,1249
968235,0,46,80,173,0,0,0,Radical Resection of Malignant Tumor of the Right Mandible + Neck Dissection + Titanium Scaffold Reconstruction of the Mandible + Occlusal Reconstruction + Fibula Myocutaneous Flap Transfer Repair + Tracheostomy,2,1,0,Gingiva & Jaw,Fibula,1,1,0,0,0,0,0,0,0,Not recurred,1128
969533,0,59,57.5,163,1,1,1,The radical resection of malignant tumor at the left tongue base + mandibular split + transfer and repair with left pectoralis major myocutaneous flap + bilateral neck lymph node dissection + absorbable plate and screw internal fixation + tracheostomy,3,2,0,Tongue,Other,2,1,0,0,1,0,/,0,0,435,435
971397,1,68,42,151,0,0,0,The malignant tumor of the right lower gingiva and buccal region + right neck dissection + free left fibula flap transfer and reconstruction + preparation of the right fibula + tracheostomy,3,2,0,Gingiva & Jaw,Fibula,1,1,0,0,0,0,0,0,0,Not recurred,1116
973359,0,42,53,167,0,1,0,Right Tongue Mass Excision Biopsy + Right Tongue Cancer Radical Surgery + Right Functional Cervical Lymph Node Dissection + Left Anterolateral Thigh Flap Reconstruction + Tracheostomy,3,2,0,Tongue,Thigh,1,1,0,0,0,0,/,0,0,Not recurred,1286
976552,1,29,55,160,0,0,0,Extended Left Tongue Cancer Resection + Neck Lymph Node Dissection + Anteromedial Thigh Flap Reconstruction + Tracheostomy,2,1,0,Tongue,Thigh,1,1,0,0,0,0,/,0,0,Not recurred,1656
978099,1,57,62,165,0,1,0,Right tongue cancer radical surgery + right neck scar release + right internal carotid artery exploration + right facial nerve exploration + midline mandibular split + titanium plate and screw internal fixation + free vascularized anterior lateral thigh flap transfer repair + tracheostomy,2,1,0,Tongue,Thigh,0,1,0,0,0,0,0,0,0,Not recurred,1458
978147,0,30,48,178,0,0,0,Right Tongue Cancer Extended Resection + Neck Lymph Node Dissection + Tracheostomy + Free Anterolateral Thigh Flap Transfer,2,2,0,Tongue,Thigh,1,1,0,0,0,0,0,0,0,Not recurred,941
978564,0,61,71.5,175,0,0,0,Radical Resection of Left Tongue Cancer + Neck Dissection + Tracheostomy + Transfer of a Pedicled Flap from the Inner Side of the Left Leg,1,1,0,Tongue,Leg,1,1,0,0,0,0,0,0,0,256,256
979112,0,58,63,167,1,1,0,Extended Resection of Left Tongue Squamous Cell Carcinoma + Bilateral Functional Cervical Lymph Node Dissection + Right Anterolateral Thigh Flap Reconstruction + Tracheostomy,2,1,0,Tongue,Thigh,2,1,0,0,0,0,0,0,0,Not recurred,1782
979281,0,30,61.5,165,0,1,0,Extended excision of malignant tumor in the right cheek + right neck dissection + partial resection of the right mandible + ligation and excision of the lower pole of the right parotid gland + excision of the right submandibular gland + free anterolateral thigh flap transfer for reconstruction,2,1,0,Gingiva & Jaw,Thigh,1,0,0,0,0,0,0,0,0,Not recurred,1083
979673,0,38,71,177,0,1,0,Radical Surgery for Left Tongue Cancer + Free Anterolateral Thigh Flap Reconstruction + Tracheostomy,2,1,0,Tongue,Thigh,1,1,0,0,0,0,0,0,0,Not recurred,1564
980968,1,73,53,156,0,0,0,Radical Surgery for Left Oropharyngeal Squamous Cell Carcinoma + Neck Dissection + Anterolateral Thigh Flap Reconstruction + Tracheostomy,2,1,0,Oropharynx & Palate,Thigh,1,1,0,0,0,1,0,0,0,Not recurred,1138
981209,1,48,62,161,0,0,0,Radical Surgery for Left Tongue Cancer + Left Neck Lymph Node Dissection + Free Transfer of the Left Anterolateral Thigh Flap for Reconstruction + Tracheostomy,2,1,0,Tongue,Thigh,1,1,0,0,0,0,0,0,0,Not recurred,1421
982012,0,58,85,175,1,0,0,Radical Resection of Malignant Tumor in Right Cheek + Neck Dissection + Tracheostomy + Transfer of Lateral Thigh Flap + Titanium Stent Implantation,2,1,0,Buccal Mucosa,Thigh,1,1,0,0,0,0,0,0,0,Not recurred,1123
982483,0,41,74,169,0,0,0,"Radiation therapy for malignant tumor of the right tongue, radical resection + neck dissection + mandibular split + skin graft from abdomen + transfer of medial lower leg flap for reconstruction + tracheostomy",2,1,0,Tongue,Leg,1,1,0,0,0,0,0,0,0,Not recurred,1355
982625,0,67,55,165,1,1,0,Extended excision of malignant tumor in the floor of mouth + bilateral neck lymph node dissection + mandibular split + absorbable plate and screw internal fixation + transfer of left anterior lateral thigh flap for reconstruction + vascular anastomosis + tracheostomy,2,0,0,Gingiva & Jaw,Thigh,2,1,0,0,0,0,0,0,0,105,105
982648,1,47,46,153,0,0,0,The left tonsil cancer extended resection + left neck lymph node dissection + left anterolateral thigh free flap repair + tracheostomy,2,1,0,Oropharynx & Palate,Thigh,1,1,0,0,0,0,/,0,0,Not recurred,1167
983839,1,66,48,157,0,0,0,Extended excision of malignant tumor in the right cheek + excision and ligation of the lower pole of the right parotid gland + block resection of the right mandible + subtotal resection of the right maxilla + right neck dissection + tracheostomy + free lateral anterior thigh flap transfer repair + extraction of complex teeth #17 and #44,3,2,0,Gingiva & Jaw,Thigh,1,1,1,0,0,0,0,0,0,Not recurred,1118
984024,0,65,68,178,1,1,0,Resection of malignant tumor in right tongue and floor of mouth + anterolateral thigh flap transfer repair + neck dissection + tracheostomy,3,2,0,Tongue,Thigh,1,1,0,0,0,1,0,1,0,Not recurred,1084
985697,0,58,68,163,0,1,0,Extended Resection of Right Oropharyngeal Cancer + Neck Lymph Node Dissection + Fibula Flap Reconstruction + Tracheostomy,2,2,0,Oropharynx & Palate,Fibula,1,1,0,0,0,1,0,0,1,49,49
987613,0,87,47.5,165,0,0,0,Left Lower Gingival Lesion Incisional Biopsy,3,1,0,Gingiva & Jaw,No Flap,0,0,0,0,1,1,/,0,/,Not recurred,1918
988751,0,74,72,172,1,1,0,Extended left tongue cancer resection + left neck dissection + left forearm flap transfer repair + tracheotomy,2,2,0,Tongue,Arm,1,1,0,0,0,0,/,0,0,Not recurred,2261
990677,0,76,53,163,1,0,0,Radical surgery for left maxillary sinus cancer + left neck dissection + free transfer of the left anterior lateral thigh flap for reconstruction + tracheostomy,2,1,0,Gingiva & Jaw,Thigh,1,1,0,0,0,1,0,/,/,1164,1164
991413,1,62,60,156,0,0,0,Radical Resection of Right Buccal Cancer + Left Fibula Myocutaneous Flap Reconstruction + Tracheostomy,3,2,0,Buccal Mucosa,Fibula,1,1,1,0,0,0,0,0,0,Not recurred,1786
991615,0,83,52,170,0,0,0,Radical Resection of Right Tongue Base Cancer + Free Anterolateral Thigh Flap Reconstruction + Tracheostomy,1,0,1,Tongue,Thigh,2,1,0,0,0,0,0,/,/,Not recurred,1809
992479,0,51,69.5,166,0,1,0,Right pharyngeal cancer extended resection + neck lymph node dissection + anterolateral thigh flap reconstruction + tracheostomy,2,1,0,Oropharynx & Palate,Thigh,1,1,0,0,0,0,0,0,0,Not recurred,1418
992902,0,67,64,167,1,1,0,"Radiation therapy for left oropharyngeal cancer with neck dissection, mandibular split, transfer of a flap from the medial aspect of the left lower leg, and tracheostomy",3,2,0,Gingiva & Jaw,Leg,1,1,0,0,0,1,0,/,/,Not recurred,1283
994009,1,27,48,160,0,0,0,Radical surgery for left tongue cancer + transfer of a flap from the inner side of the left leg for reconstruction + tracheostomy,2,1,0,Tongue,Leg,1,1,0,0,0,0,0,0,0,Not recurred,1068
995027,1,64,64,163,0,0,0,The left cheek malignant tumor extended resection + left neck lymph node dissection + right neck lymph node dissection + left anterior lateral thigh free flap repair + tracheotomy,2,1,0,Buccal Mucosa,Thigh,1,1,1,0,0,1,0,0,0,Not recurred,1549
995422,0,46,54,175,0,1,0,The right cheek cancer recurrence lesion extended resection + right neck lymph node dissection ++ right lower trapezius flap folding flap repair + titanium scaffold implantation + tracheostomy,3,2,0,Buccal Mucosa,Other,1,1,0,1,0,0,0,1,1,7,7
995672,0,43,58,175,0,0,0,Radical resection of left tongue cancer + neck lymph node dissection + tracheotomy + transfer of left anterior lateral thigh flap for reconstruction + mandibular split + internal fixation with titanium plates and screws,2,1,0,Tongue,Thigh,1,1,0,0,0,0,0,0,0,Not recurred,1057
995900,0,77,59,160,1,1,0,Left lower gingiva and oropharyngeal cancer radical resection + left neck dissection + right fibula flap reconstruction + tracheostomy,3,2,0,Gingiva & Jaw,Fibula,1,1,0,0,0,1,0,0,0,Not recurred,1187
996428,0,26,58,168,0,0,0,Right lower gingival tongue mass excision + right neck dissection + free left fibula flap transfer repair + skin graft from abdomen to repair left lower leg skin + tracheostomy,3,2,0,Tongue,Fibula,1,1,0,0,1,0,0,0,0,Not recurred,1159
998601,1,34,38,150,0,0,0,The extensive resection of the entire tongue and floor of mouth malignant tumor + partial resection of the right mandible + bilateral neck dissection + tracheotomy + free left fibula composite myocutaneous flap transfer repair,2,2,1,Tongue,Fibula,2,1,0,0,0,0,0,1,/,854,854
999428,1,58,59,157,0,0,0,Left mandibular tumor extended resection + fibula flap transfer repair + neck lymph node dissection + preoperative tracheotomy,3,2,0,Gingiva & Jaw,Fibula,1,1,0,0,1,0,0,1,1,Not recurred,1152
